Code,Description,Maturity Date,Interest Rate,Clean Price
IT0005634800,ITALIA/TV BTP PIU 20330225 - BTP PIU,2033-02-25,2.85,94.26
IT0005240350,ITALIA/2.45 BTP 20330901 - BUONI DEL TESORO POLIENNALI,2033-09-01,2.45,89.36
IT0005544082,ITALIA/4.35 BTP 20331101 - BUONI DEL TESORO POLIENNALI,2033-11-01,4.35,100.37
IT0005466351,ITALIA/TV BTP FUTURA 20331116 EX - BTP FUTURA,2033-11-16,0.0,82.95
IT0005560948,ITALIA/4.2 BTP 20340301 - BUONI DEL TESORO POLIENNALI,2034-03-01,4.2,99.19
IT0005584856,ITALIA/3.85 BTP 20340701 - BUONI DEL TESORO POLIENNALI,2034-07-01,3.85,96.57
IT0003535157,ITALIA/5 BTP 20340801 - BUONI DEL TESORO POLIENNALI,2034-08-01,5.0,104.31
IT0005607970,ITALIA/3.85 BTP 20350201 - BUONI DEL TESORO POLIENNALI,2035-02-01,3.85,95.99
IT0005358806,ITALIA/3.35 BTP 20350301 - BUONI DEL TESORO POLIENNALI,2035-03-01,3.35,93.05
IT0005508590,ITALIA/4 BTP 20350430 - BUONI DEL TESORO POLIENNALI,2035-04-30,4.0,97.12
IT0005631590,ITALIA/3.65 BTP 20350801 - BUONI DEL TESORO POLIENNALI,2035-08-01,3.65,93.98
IT0005648149,ITALIA/3.6 BTP 20351001 - BUONI DEL TESORO POLIENNALI,2035-10-01,3.6,93.48
IT0005676504,ITALIA/3.45 BTP 20360201 - BUONI DEL TESORO POLIENNALI,2036-02-01,0.0,91.85
IT0005402117,ITALIA/1.45 BTP 20360301 - BUONI DEL TESORO POLIENNALI,2036-03-01,1.45,76.77
IT0005706285,Btp Fx 3.8% Jul36 Eur,2036-07-01,3.8,94.06
IT0005177909,ITALIA/2.25 BTP 20360901 - BUONI DEL TESORO POLIENNALI,2036-09-01,2.25,81.98
IT0003934657,ITALIA/4 BTP 20370201 - BUONI DEL TESORO POLIENNALI,2037-02-01,4.0,95.64
IT0005433195,ITALIA/0.95 BTP 20370301 - BUONI DEL TESORO POLIENNALI,2037-03-01,0.95,70.28
IT0005442097,ITALIA/TV BTP FUTURA 20370427 EX - BTP FUTURA,2037-04-27,0.0,74.15
IT0005596470,ITALIA/4.05 BTP 20371030 - BUONI DEL TESORO POLIENNALI,2037-10-30,4.05,95.09
IT0005496770,ITALIA/3.25 BTP 20380301 - BUONI DEL TESORO POLIENNALI,2038-03-01,3.25,87.65
IT0005321325,ITALIA/2.95 BTP 20380901 - BUONI DEL TESORO POLIENNALI,2038-09-01,2.95,84.46
IT0004286966,ITALIA/5 BTP 20390801 - BUONI DEL TESORO POLIENNALI,2039-08-01,5.0,103.31
IT0005582421,ITALIA/4.15 BTP 20391001 - BUONI DEL TESORO POLIENNALI,2039-10-01,4.15,94.29
IT0005377152,ITALIA/3.1 BTP 20400301 - BUONI DEL TESORO POLIENNALI,2040-03-01,3.1,83.88
IT0004532559,ITALIA/5 BTP 20400901 - BUONI DEL TESORO POLIENNALI,2040-09-01,5.0,102.63
IT0005635583,ITALIA/3.85 BTP 20401001 - BUONI DEL TESORO POLIENNALI,2040-10-01,3.85,90.44
IT0005421703,ITALIA/1.8 BTP 20410301 - BUONI DEL TESORO POLIENNALI,2041-03-01,1.8,69.1
IT0005530032,ITALIA/4.45 BTP 20430901 - BUONI DEL TESORO POLIENNALI,2043-09-01,4.45,95.5
IT0004923998,ITALIA/4.75 BTP 20440901 - BUONI DEL TESORO POLIENNALI,2044-09-01,4.75,98.25
IT0005438004,ITALIA/1.5 BTP 20450430 - BUONI DEL TESORO POLIENNALI,2045-04-30,1.5,58.6
IT0005631608,ITALIA/4.1 BTP 20460430 - BUONI DEL TESORO POLIENNALI,2046-04-30,4.1,89.69
IT0005083057,ITALIA/3.25 BTP 20460901 - BUONI DEL TESORO POLIENNALI,2046-09-01,3.25,78.61
IT0005162828,ITALIA/2.7 BTP 20470301 - BUONI DEL TESORO POLIENNALI,2047-03-01,2.7,71.3
IT0005273013,ITALIA/3.45 BTP 20480301 - BUONI DEL TESORO POLIENNALI,2048-03-01,3.45,80.1
IT0005363111,ITALIA/3.85 BTP 20490901 - BUONI DEL TESORO POLIENNALI,2049-09-01,3.85,84.52
IT0005398406,ITALIA/2.45 BTP 20500901 - BUONI DEL TESORO POLIENNALI,2050-09-01,2.45,64.74
IT0005425233,ITALIA/1.7 BTP 20510901 - BUONI DEL TESORO POLIENNALI,2051-09-01,1.7,53.88
IT0005480980,ITALIA/2.15 BTP 20520901 - BUONI DEL TESORO POLIENNALI,2052-09-01,2.15,59.08
IT0005534141,ITALIA/4.5 BTP 20531001 - BUONI DEL TESORO POLIENNALI,2053-10-01,4.5,92.0
IT0005611741,ITALIA/4.3 BTP 20541001 - BUONI DEL TESORO POLIENNALI,2054-10-01,4.3,88.63
IT0005668238,ITALIA/4.65 BTP 20551001 - BUONI DEL TESORO POLIENNALI,2055-10-01,4.65,93.34
IT0005217390,ITALIA/2.8 BTP 20670301 - BUONI DEL TESORO POLIENNALI,2067-03-01,2.8,64.14
IT0005441883,ITALIA/2.15 BTP 20720301 - BUONI DEL TESORO POLIENNALI,2072-03-01,2.15,53.1
