GME-POWER-M,01/01/2023,193.144583
GME-POWER-M,02/01/2023,202.039743
GME-POWER-M,03/01/2023,174.743910
GME-POWER-M,04/01/2023,171.610325
GME-POWER-M,05/01/2023,182.795000
GME-POWER-M,06/01/2023,174.219166
GME-POWER-M,07/01/2023,192.758727
GME-POWER-M,08/01/2023,164.281631
GME-POWER-M,09/01/2023,157.638622
GME-POWER-M,10/01/2023,159.932135
GME-POWER-M,11/01/2023,180.245506
GME-POWER-M,12/01/2023,178.726611
GME-POWER-M,13/01/2023,195.323447
GME-POWER-M,14/01/2023,161.529503
GME-POWER-M,15/01/2023,145.476627
GME-POWER-M,16/01/2023,151.118892
GME-POWER-M,17/01/2023,169.151782
GME-POWER-M,18/01/2023,149.381060
GME-POWER-M,19/01/2023,179.351114
GME-POWER-M,20/01/2023,185.466148
GME-POWER-M,21/01/2023,154.390197
GME-POWER-M,22/01/2023,185.404920
GME-POWER-M,23/01/2023,204.114147
GME-POWER-M,24/01/2023,202.066707
GME-POWER-M,25/01/2023,187.390102
GME-POWER-M,26/01/2023,174.265212
GME-POWER-M,27/01/2023,171.493317
GME-POWER-M,28/01/2023,163.894366
GME-POWER-M,29/01/2023,155.825571
GME-POWER-M,30/01/2023,179.474197
GME-POWER-M,31/01/2023,161.941254
GME-POWER-M,01/02/2023,163.576745
GME-POWER-M,02/02/2023,179.741528
GME-POWER-M,03/02/2023,169.610285
GME-POWER-M,04/02/2023,155.490690
GME-POWER-M,05/02/2023,140.311451
GME-POWER-M,06/02/2023,173.222912
GME-POWER-M,07/02/2023,178.264533
GME-POWER-M,08/02/2023,170.347097
GME-POWER-M,09/02/2023,179.589440
GME-POWER-M,10/02/2023,168.191538
GME-POWER-M,11/02/2023,171.623017
GME-POWER-M,12/02/2023,150.756903
GME-POWER-M,13/02/2023,168.777972
GME-POWER-M,14/02/2023,161.097538
GME-POWER-M,15/02/2023,165.865996
GME-POWER-M,16/02/2023,163.613171
GME-POWER-M,17/02/2023,165.670521
GME-POWER-M,18/02/2023,139.697002
GME-POWER-M,19/02/2023,134.898247
GME-POWER-M,20/02/2023,159.724130
GME-POWER-M,21/02/2023,159.854962
GME-POWER-M,22/02/2023,162.278267
GME-POWER-M,23/02/2023,156.370054
GME-POWER-M,24/02/2023,164.002207
GME-POWER-M,25/02/2023,145.946394
GME-POWER-M,26/02/2023,125.541813
GME-POWER-M,27/02/2023,173.200090
GME-POWER-M,28/02/2023,162.731025
GME-POWER-M,01/03/2023,167.975565
GME-POWER-M,02/03/2023,167.949697
GME-POWER-M,03/03/2023,165.883170
GME-POWER-M,04/03/2023,143.964970
GME-POWER-M,05/03/2023,140.753145
GME-POWER-M,06/03/2023,147.151305
GME-POWER-M,07/03/2023,152.234350
GME-POWER-M,08/03/2023,135.901827
GME-POWER-M,09/03/2023,133.239567
GME-POWER-M,10/03/2023,125.475692
GME-POWER-M,11/03/2023,123.339054
GME-POWER-M,12/03/2023,122.751997
GME-POWER-M,13/03/2023,145.398930
GME-POWER-M,14/03/2023,131.438197
GME-POWER-M,15/03/2023,140.804070
GME-POWER-M,16/03/2023,129.170211
GME-POWER-M,17/03/2023,127.008746
GME-POWER-M,18/03/2023,133.746642
GME-POWER-M,19/03/2023,123.741420
GME-POWER-M,20/03/2023,137.405274
GME-POWER-M,21/03/2023,133.893545
GME-POWER-M,22/03/2023,132.737464
GME-POWER-M,23/03/2023,142.506305
GME-POWER-M,24/03/2023,130.870165
GME-POWER-M,25/03/2023,101.319560
GME-POWER-M,26/03/2023,108.432578
GME-POWER-M,27/03/2023,138.225695
GME-POWER-M,28/03/2023,120.341984
GME-POWER-M,29/03/2023,136.505040
GME-POWER-M,30/03/2023,155.416175
GME-POWER-M,31/03/2023,131.150409
GME-POWER-M,01/04/2023,109.802471
GME-POWER-M,02/04/2023,136.800833
GME-POWER-M,03/04/2023,141.511224
GME-POWER-M,04/04/2023,147.351267
GME-POWER-M,05/04/2023,171.615055
GME-POWER-M,06/04/2023,152.469774
GME-POWER-M,07/04/2023,148.862291
GME-POWER-M,08/04/2023,132.176450
GME-POWER-M,09/04/2023,161.520021
GME-POWER-M,10/04/2023,101.290472
GME-POWER-M,11/04/2023,134.996405
GME-POWER-M,12/04/2023,153.963147
GME-POWER-M,13/04/2023,145.317362
GME-POWER-M,14/04/2023,146.175006
GME-POWER-M,15/04/2023,132.231957
GME-POWER-M,16/04/2023,127.505478
GME-POWER-M,17/04/2023,144.476586
GME-POWER-M,18/04/2023,145.000416
GME-POWER-M,19/04/2023,143.202002
GME-POWER-M,20/04/2023,148.957793
GME-POWER-M,21/04/2023,144.019848
GME-POWER-M,22/04/2023,120.971603
GME-POWER-M,23/04/2023,122.606666
GME-POWER-M,24/04/2023,114.397894
GME-POWER-M,25/04/2023,107.118208
GME-POWER-M,26/04/2023,120.421280
GME-POWER-M,27/04/2023,129.729583
GME-POWER-M,28/04/2023,133.713820
GME-POWER-M,29/04/2023,118.236965
GME-POWER-M,30/04/2023,112.704810
GME-POWER-M,01/05/2023,112.638693
GME-POWER-M,02/05/2023,123.970014
GME-POWER-M,03/05/2023,124.016892
GME-POWER-M,04/05/2023,117.636836
GME-POWER-M,05/05/2023,118.343081
GME-POWER-M,06/05/2023,105.114140
GME-POWER-M,07/05/2023,91.268469
GME-POWER-M,08/05/2023,132.266122
GME-POWER-M,09/05/2023,134.679169
GME-POWER-M,10/05/2023,126.483975
GME-POWER-M,11/05/2023,120.915641
GME-POWER-M,12/05/2023,114.798387
GME-POWER-M,13/05/2023,110.705219
GME-POWER-M,14/05/2023,95.686535
GME-POWER-M,15/05/2023,111.347803
GME-POWER-M,16/05/2023,103.999484
GME-POWER-M,17/05/2023,114.298064
GME-POWER-M,18/05/2023,111.378160
GME-POWER-M,19/05/2023,114.494441
GME-POWER-M,20/05/2023,102.561649
GME-POWER-M,21/05/2023,64.400600
GME-POWER-M,22/05/2023,106.246677
GME-POWER-M,23/05/2023,108.768455
GME-POWER-M,24/05/2023,107.948511
GME-POWER-M,25/05/2023,101.539923
GME-POWER-M,26/05/2023,92.608980
GME-POWER-M,27/05/2023,71.659929
GME-POWER-M,28/05/2023,64.291245
GME-POWER-M,29/05/2023,86.157990
GME-POWER-M,30/05/2023,94.375037
GME-POWER-M,31/05/2023,92.967773
GME-POWER-M,01/06/2023,95.501035
GME-POWER-M,02/06/2023,81.916268
GME-POWER-M,03/06/2023,75.275127
GME-POWER-M,04/06/2023,60.752939
GME-POWER-M,05/06/2023,96.146437
GME-POWER-M,06/06/2023,90.301930
GME-POWER-M,07/06/2023,94.257532
GME-POWER-M,08/06/2023,90.179418
GME-POWER-M,09/06/2023,91.995581
GME-POWER-M,10/06/2023,99.035802
GME-POWER-M,11/06/2023,94.396646
GME-POWER-M,12/06/2023,101.995626
GME-POWER-M,13/06/2023,105.927330
GME-POWER-M,14/06/2023,108.391490
GME-POWER-M,15/06/2023,112.374922
GME-POWER-M,16/06/2023,121.316655
GME-POWER-M,17/06/2023,106.223016
GME-POWER-M,18/06/2023,103.314276
GME-POWER-M,19/06/2023,124.942579
GME-POWER-M,20/06/2023,119.286978
GME-POWER-M,21/06/2023,129.480223
GME-POWER-M,22/06/2023,129.137271
GME-POWER-M,23/06/2023,120.838689
GME-POWER-M,24/06/2023,113.055495
GME-POWER-M,25/06/2023,97.313223
GME-POWER-M,26/06/2023,116.290993
GME-POWER-M,27/06/2023,119.519318
GME-POWER-M,28/06/2023,120.164757
GME-POWER-M,29/06/2023,121.215119
GME-POWER-M,30/06/2023,119.688340
GME-POWER-M,01/07/2023,102.820357
GME-POWER-M,02/07/2023,110.379509
GME-POWER-M,03/07/2023,115.750912
GME-POWER-M,04/07/2023,134.766538
GME-POWER-M,05/07/2023,115.863889
GME-POWER-M,06/07/2023,116.345512
GME-POWER-M,07/07/2023,121.299685
GME-POWER-M,08/07/2023,106.407327
GME-POWER-M,09/07/2023,105.148177
GME-POWER-M,10/07/2023,127.279948
GME-POWER-M,11/07/2023,123.631511
GME-POWER-M,12/07/2023,119.583568
GME-POWER-M,13/07/2023,112.164760
GME-POWER-M,14/07/2023,102.295734
GME-POWER-M,15/07/2023,103.894870
GME-POWER-M,16/07/2023,109.040641
GME-POWER-M,17/07/2023,117.259300
GME-POWER-M,18/07/2023,120.250817
GME-POWER-M,19/07/2023,128.815225
GME-POWER-M,20/07/2023,119.758264
GME-POWER-M,21/07/2023,114.052769
GME-POWER-M,22/07/2023,107.273531
GME-POWER-M,23/07/2023,106.734012
GME-POWER-M,24/07/2023,116.191008
GME-POWER-M,25/07/2023,117.400809
GME-POWER-M,26/07/2023,103.879377
GME-POWER-M,27/07/2023,112.773836
GME-POWER-M,28/07/2023,107.998955
GME-POWER-M,29/07/2023,95.351256
GME-POWER-M,30/07/2023,80.617895
GME-POWER-M,31/07/2023,99.761512
GME-POWER-M,01/08/2023,100.644640
GME-POWER-M,02/08/2023,107.993881
GME-POWER-M,03/08/2023,111.663341
GME-POWER-M,04/08/2023,106.751843
GME-POWER-M,05/08/2023,98.943846
GME-POWER-M,06/08/2023,81.736090
GME-POWER-M,07/08/2023,92.940689
GME-POWER-M,08/08/2023,84.809155
GME-POWER-M,09/08/2023,99.486914
GME-POWER-M,10/08/2023,98.652575
GME-POWER-M,11/08/2023,107.601214
GME-POWER-M,12/08/2023,89.484244
GME-POWER-M,13/08/2023,101.213651
GME-POWER-M,14/08/2023,105.781051
GME-POWER-M,15/08/2023,105.885462
GME-POWER-M,16/08/2023,109.693628
GME-POWER-M,17/08/2023,111.664895
GME-POWER-M,18/08/2023,112.069768
GME-POWER-M,19/08/2023,101.245275
GME-POWER-M,20/08/2023,95.423367
GME-POWER-M,21/08/2023,119.396191
GME-POWER-M,22/08/2023,138.421737
GME-POWER-M,23/08/2023,156.949550
GME-POWER-M,24/08/2023,163.109576
GME-POWER-M,25/08/2023,143.118876
GME-POWER-M,26/08/2023,124.681017
GME-POWER-M,27/08/2023,117.981491
GME-POWER-M,28/08/2023,120.360033
GME-POWER-M,29/08/2023,124.970580
GME-POWER-M,30/08/2023,111.055388
GME-POWER-M,31/08/2023,124.840811
GME-POWER-M,01/09/2023,118.242953
GME-POWER-M,02/09/2023,96.399788
GME-POWER-M,03/09/2023,93.562362
GME-POWER-M,04/09/2023,103.568572
GME-POWER-M,05/09/2023,104.347275
GME-POWER-M,06/09/2023,106.936494
GME-POWER-M,07/09/2023,110.883674
GME-POWER-M,08/09/2023,111.652080
GME-POWER-M,09/09/2023,101.067615
GME-POWER-M,10/09/2023,108.330043
GME-POWER-M,11/09/2023,126.495174
GME-POWER-M,12/09/2023,126.033779
GME-POWER-M,13/09/2023,128.174005
GME-POWER-M,14/09/2023,128.173205
GME-POWER-M,15/09/2023,130.622195
GME-POWER-M,16/09/2023,119.938862
GME-POWER-M,17/09/2023,109.372834
GME-POWER-M,18/09/2023,122.677562
GME-POWER-M,19/09/2023,124.622993
GME-POWER-M,20/09/2023,127.284546
GME-POWER-M,21/09/2023,118.662909
GME-POWER-M,22/09/2023,123.055159
GME-POWER-M,23/09/2023,115.209795
GME-POWER-M,24/09/2023,96.354037
GME-POWER-M,25/09/2023,113.615127
GME-POWER-M,26/09/2023,121.285592
GME-POWER-M,27/09/2023,128.382848
GME-POWER-M,28/09/2023,113.492587
GME-POWER-M,29/09/2023,130.377749
GME-POWER-M,30/09/2023,112.082500
GME-POWER-M,01/10/2023,94.264850
GME-POWER-M,02/10/2023,119.504151
GME-POWER-M,03/10/2023,137.082326
GME-POWER-M,04/10/2023,118.019725
GME-POWER-M,05/10/2023,114.793471
GME-POWER-M,06/10/2023,130.390305
GME-POWER-M,07/10/2023,124.533206
GME-POWER-M,08/10/2023,101.213430
GME-POWER-M,09/10/2023,128.919475
GME-POWER-M,10/10/2023,140.426716
GME-POWER-M,11/10/2023,150.606602
GME-POWER-M,12/10/2023,147.066126
GME-POWER-M,13/10/2023,157.609512
GME-POWER-M,14/10/2023,153.324166
GME-POWER-M,15/10/2023,139.172261
GME-POWER-M,16/10/2023,175.761822
GME-POWER-M,17/10/2023,161.090262
GME-POWER-M,18/10/2023,151.669540
GME-POWER-M,19/10/2023,152.272274
GME-POWER-M,20/10/2023,138.010705
GME-POWER-M,21/10/2023,136.626666
GME-POWER-M,22/10/2023,129.195591
GME-POWER-M,23/10/2023,144.637445
GME-POWER-M,24/10/2023,142.176946
GME-POWER-M,25/10/2023,134.408099
GME-POWER-M,26/10/2023,143.458101
GME-POWER-M,27/10/2023,124.261864
GME-POWER-M,28/10/2023,107.312983
GME-POWER-M,29/10/2023,121.386408
GME-POWER-M,30/10/2023,120.946310
GME-POWER-M,31/10/2023,122.308777
GME-POWER-M,01/11/2023,98.040002
GME-POWER-M,02/11/2023,111.053612
GME-POWER-M,03/11/2023,77.157942
GME-POWER-M,04/11/2023,74.511544
GME-POWER-M,05/11/2023,66.037720
GME-POWER-M,06/11/2023,103.238754
GME-POWER-M,07/11/2023,124.110157
GME-POWER-M,08/11/2023,133.230742
GME-POWER-M,09/11/2023,136.178111
GME-POWER-M,10/11/2023,125.945416
GME-POWER-M,11/11/2023,105.527525
GME-POWER-M,12/11/2023,122.559550
GME-POWER-M,13/11/2023,127.101041
GME-POWER-M,14/11/2023,125.837606
GME-POWER-M,15/11/2023,120.950973
GME-POWER-M,16/11/2023,137.232029
GME-POWER-M,17/11/2023,124.971525
GME-POWER-M,18/11/2023,128.713909
GME-POWER-M,19/11/2023,122.336190
GME-POWER-M,20/11/2023,134.439777
GME-POWER-M,21/11/2023,128.451134
GME-POWER-M,22/11/2023,134.923750
GME-POWER-M,23/11/2023,132.931666
GME-POWER-M,24/11/2023,132.690416
GME-POWER-M,25/11/2023,122.680695
GME-POWER-M,26/11/2023,135.152916
GME-POWER-M,27/11/2023,136.803882
GME-POWER-M,28/11/2023,130.220653
GME-POWER-M,29/11/2023,143.701582
GME-POWER-M,30/11/2023,155.348916
GME-POWER-M,01/12/2023,143.105666
GME-POWER-M,02/12/2023,114.739296
GME-POWER-M,03/12/2023,114.392851
GME-POWER-M,04/12/2023,135.983509
GME-POWER-M,05/12/2023,133.389723
GME-POWER-M,06/12/2023,130.803320
GME-POWER-M,07/12/2023,121.958442
GME-POWER-M,08/12/2023,119.686072
GME-POWER-M,09/12/2023,118.295416
GME-POWER-M,10/12/2023,102.335950
GME-POWER-M,11/12/2023,121.101250
GME-POWER-M,12/12/2023,119.447241
GME-POWER-M,13/12/2023,110.215747
GME-POWER-M,14/12/2023,119.466250
GME-POWER-M,15/12/2023,105.967993
GME-POWER-M,16/12/2023,89.036270
GME-POWER-M,17/12/2023,105.740838
GME-POWER-M,18/12/2023,109.248236
GME-POWER-M,19/12/2023,107.780876
GME-POWER-M,20/12/2023,119.992083
GME-POWER-M,21/12/2023,104.242570
GME-POWER-M,22/12/2023,101.346062
GME-POWER-M,23/12/2023,101.467055
GME-POWER-M,24/12/2023,116.328572
GME-POWER-M,25/12/2023,116.013333
GME-POWER-M,26/12/2023,117.265000
GME-POWER-M,27/12/2023,133.917083
GME-POWER-M,28/12/2023,101.217962
GME-POWER-M,29/12/2023,121.600261
GME-POWER-M,30/12/2023,111.061273
GME-POWER-M,31/12/2023,112.136641
GME-POWER-M,01/01/2024,105.714583
GME-POWER-M,02/01/2024,107.297500
GME-POWER-M,03/01/2024,94.006008
GME-POWER-M,04/01/2024,91.171742
GME-POWER-M,05/01/2024,104.054390
GME-POWER-M,06/01/2024,100.735416
GME-POWER-M,07/01/2024,97.112140
GME-POWER-M,08/01/2024,108.112292
GME-POWER-M,09/01/2024,108.683182
GME-POWER-M,10/01/2024,113.258640
GME-POWER-M,11/01/2024,108.335659
GME-POWER-M,12/01/2024,110.111147
GME-POWER-M,13/01/2024,99.790939
GME-POWER-M,14/01/2024,104.187083
GME-POWER-M,15/01/2024,100.955664
GME-POWER-M,16/01/2024,107.472311
GME-POWER-M,17/01/2024,101.776430
GME-POWER-M,18/01/2024,97.411550
GME-POWER-M,19/01/2024,92.585191
GME-POWER-M,20/01/2024,89.570000
GME-POWER-M,21/01/2024,83.366060
GME-POWER-M,22/01/2024,102.116257
GME-POWER-M,23/01/2024,90.414812
GME-POWER-M,24/01/2024,96.378015
GME-POWER-M,25/01/2024,94.805620
GME-POWER-M,26/01/2024,101.604081
GME-POWER-M,27/01/2024,92.053750
GME-POWER-M,28/01/2024,76.640947
GME-POWER-M,29/01/2024,95.133466
GME-POWER-M,30/01/2024,98.937642
GME-POWER-M,31/01/2024,100.078322
GME-POWER-M,01/02/2024,99.730839
GME-POWER-M,02/02/2024,104.814730
GME-POWER-M,03/02/2024,89.251541
GME-POWER-M,04/02/2024,81.802916
GME-POWER-M,05/02/2024,94.568044
GME-POWER-M,06/02/2024,95.924783
GME-POWER-M,07/02/2024,106.875757
GME-POWER-M,08/02/2024,93.922512
GME-POWER-M,09/02/2024,91.728159
GME-POWER-M,10/02/2024,82.866787
GME-POWER-M,11/02/2024,68.734004
GME-POWER-M,12/02/2024,93.065880
GME-POWER-M,13/02/2024,89.152689
GME-POWER-M,14/02/2024,86.089979
GME-POWER-M,15/02/2024,91.840969
GME-POWER-M,16/02/2024,90.197290
GME-POWER-M,17/02/2024,87.168906
GME-POWER-M,18/02/2024,83.752721
GME-POWER-M,19/02/2024,90.576250
GME-POWER-M,20/02/2024,84.510257
GME-POWER-M,21/02/2024,83.424929
GME-POWER-M,22/02/2024,90.258887
GME-POWER-M,23/02/2024,78.701410
GME-POWER-M,24/02/2024,74.480450
GME-POWER-M,25/02/2024,72.239705
GME-POWER-M,26/02/2024,81.189874
GME-POWER-M,27/02/2024,84.590345
GME-POWER-M,28/02/2024,84.533479
GME-POWER-M,29/02/2024,85.158273
GME-POWER-M,01/03/2024,94.701250
GME-POWER-M,02/03/2024,84.466567
GME-POWER-M,03/03/2024,74.126380
GME-POWER-M,04/03/2024,89.131467
GME-POWER-M,05/03/2024,88.400647
GME-POWER-M,06/03/2024,92.524651
GME-POWER-M,07/03/2024,95.626139
GME-POWER-M,08/03/2024,99.144893
GME-POWER-M,09/03/2024,91.444583
GME-POWER-M,10/03/2024,77.277139
GME-POWER-M,11/03/2024,95.958962
GME-POWER-M,12/03/2024,87.401359
GME-POWER-M,13/03/2024,91.456666
GME-POWER-M,14/03/2024,95.597867
GME-POWER-M,15/03/2024,89.768558
GME-POWER-M,16/03/2024,81.044712
GME-POWER-M,17/03/2024,76.372415
GME-POWER-M,18/03/2024,92.460559
GME-POWER-M,19/03/2024,93.658280
GME-POWER-M,20/03/2024,100.295466
GME-POWER-M,21/03/2024,95.754261
GME-POWER-M,22/03/2024,94.445039
GME-POWER-M,23/03/2024,80.828750
GME-POWER-M,24/03/2024,55.659818
GME-POWER-M,25/03/2024,98.842083
GME-POWER-M,26/03/2024,98.786396
GME-POWER-M,27/03/2024,96.645401
GME-POWER-M,28/03/2024,88.951588
GME-POWER-M,29/03/2024,91.328996
GME-POWER-M,30/03/2024,76.771335
GME-POWER-M,31/03/2024,85.723001
GME-POWER-M,01/04/2024,68.078079
GME-POWER-M,02/04/2024,76.543454
GME-POWER-M,03/04/2024,95.972658
GME-POWER-M,04/04/2024,77.906194
GME-POWER-M,05/04/2024,78.842994
GME-POWER-M,06/04/2024,72.413369
GME-POWER-M,07/04/2024,60.672083
GME-POWER-M,08/04/2024,78.077575
GME-POWER-M,09/04/2024,79.202842
GME-POWER-M,10/04/2024,86.889508
GME-POWER-M,11/04/2024,78.918375
GME-POWER-M,12/04/2024,75.135610
GME-POWER-M,13/04/2024,68.611265
GME-POWER-M,14/04/2024,74.862098
GME-POWER-M,15/04/2024,92.879048
GME-POWER-M,16/04/2024,76.113722
GME-POWER-M,17/04/2024,104.509312
GME-POWER-M,18/04/2024,108.310107
GME-POWER-M,19/04/2024,90.674457
GME-POWER-M,20/04/2024,89.006787
GME-POWER-M,21/04/2024,79.670352
GME-POWER-M,22/04/2024,111.010203
GME-POWER-M,23/04/2024,105.329967
GME-POWER-M,24/04/2024,100.232342
GME-POWER-M,25/04/2024,98.192791
GME-POWER-M,26/04/2024,119.355000
GME-POWER-M,27/04/2024,98.501435
GME-POWER-M,28/04/2024,85.448051
GME-POWER-M,29/04/2024,88.015725
GME-POWER-M,30/04/2024,84.715816
GME-POWER-M,01/05/2024,89.312727
GME-POWER-M,02/05/2024,92.326325
GME-POWER-M,03/05/2024,80.153855
GME-POWER-M,04/05/2024,78.407018
GME-POWER-M,05/05/2024,66.894506
GME-POWER-M,06/05/2024,103.170689
GME-POWER-M,07/05/2024,108.618878
GME-POWER-M,08/05/2024,100.006540
GME-POWER-M,09/05/2024,91.557916
GME-POWER-M,10/05/2024,82.125823
GME-POWER-M,11/05/2024,79.568377
GME-POWER-M,12/05/2024,70.980989
GME-POWER-M,13/05/2024,93.874405
GME-POWER-M,14/05/2024,102.962445
GME-POWER-M,15/05/2024,102.251237
GME-POWER-M,16/05/2024,98.811454
GME-POWER-M,17/05/2024,94.178193
GME-POWER-M,18/05/2024,92.559339
GME-POWER-M,19/05/2024,88.209825
GME-POWER-M,20/05/2024,99.537563
GME-POWER-M,21/05/2024,94.160623
GME-POWER-M,22/05/2024,94.401150
GME-POWER-M,23/05/2024,102.378263
GME-POWER-M,24/05/2024,108.381447
GME-POWER-M,25/05/2024,102.476352
GME-POWER-M,26/05/2024,71.950760
GME-POWER-M,27/05/2024,109.279309
GME-POWER-M,28/05/2024,117.899806
GME-POWER-M,29/05/2024,114.502805
GME-POWER-M,30/05/2024,113.633824
GME-POWER-M,31/05/2024,96.810395
GME-POWER-M,01/06/2024,84.311167
GME-POWER-M,02/06/2024,81.740212
GME-POWER-M,03/06/2024,111.875766
GME-POWER-M,04/06/2024,117.194437
GME-POWER-M,05/06/2024,111.300868
GME-POWER-M,06/06/2024,106.132692
GME-POWER-M,07/06/2024,105.238717
GME-POWER-M,08/06/2024,110.113562
GME-POWER-M,09/06/2024,92.274490
GME-POWER-M,10/06/2024,91.052119
GME-POWER-M,11/06/2024,103.761666
GME-POWER-M,12/06/2024,109.592807
GME-POWER-M,13/06/2024,103.859666
GME-POWER-M,14/06/2024,106.544117
GME-POWER-M,15/06/2024,98.753459
GME-POWER-M,16/06/2024,79.425905
GME-POWER-M,17/06/2024,115.111331
GME-POWER-M,18/06/2024,109.276250
GME-POWER-M,19/06/2024,111.185145
GME-POWER-M,20/06/2024,116.381708
GME-POWER-M,21/06/2024,115.725920
GME-POWER-M,22/06/2024,98.633447
GME-POWER-M,23/06/2024,102.298052
GME-POWER-M,24/06/2024,107.032673
GME-POWER-M,25/06/2024,114.013933
GME-POWER-M,26/06/2024,111.288690
GME-POWER-M,27/06/2024,103.920444
GME-POWER-M,28/06/2024,109.517932
GME-POWER-M,29/06/2024,93.412644
GME-POWER-M,30/06/2024,74.122305
GME-POWER-M,01/07/2024,113.223105
GME-POWER-M,02/07/2024,104.092073
GME-POWER-M,03/07/2024,107.781239
GME-POWER-M,04/07/2024,108.640977
GME-POWER-M,05/07/2024,102.888595
GME-POWER-M,06/07/2024,99.245328
GME-POWER-M,07/07/2024,102.606144
GME-POWER-M,08/07/2024,107.348500
GME-POWER-M,09/07/2024,114.653302
GME-POWER-M,10/07/2024,115.754880
GME-POWER-M,11/07/2024,118.589247
GME-POWER-M,12/07/2024,112.911360
GME-POWER-M,13/07/2024,109.535790
GME-POWER-M,14/07/2024,111.023061
GME-POWER-M,15/07/2024,116.309905
GME-POWER-M,16/07/2024,118.325070
GME-POWER-M,17/07/2024,124.312813
GME-POWER-M,18/07/2024,121.934852
GME-POWER-M,19/07/2024,118.142294
GME-POWER-M,20/07/2024,110.769860
GME-POWER-M,21/07/2024,97.103387
GME-POWER-M,22/07/2024,115.836895
GME-POWER-M,23/07/2024,114.015019
GME-POWER-M,24/07/2024,109.760770
GME-POWER-M,25/07/2024,115.980430
GME-POWER-M,26/07/2024,119.710087
GME-POWER-M,27/07/2024,106.376074
GME-POWER-M,28/07/2024,110.742496
GME-POWER-M,29/07/2024,125.894711
GME-POWER-M,30/07/2024,108.286704
GME-POWER-M,31/07/2024,120.124346
GME-POWER-M,01/08/2024,124.292148
GME-POWER-M,02/08/2024,120.702814
GME-POWER-M,03/08/2024,116.623121
GME-POWER-M,04/08/2024,124.988151
GME-POWER-M,05/08/2024,122.624340
GME-POWER-M,06/08/2024,128.842257
GME-POWER-M,07/08/2024,127.995805
GME-POWER-M,08/08/2024,133.745923
GME-POWER-M,09/08/2024,126.839123
GME-POWER-M,10/08/2024,129.767348
GME-POWER-M,11/08/2024,131.057370
GME-POWER-M,12/08/2024,136.281968
GME-POWER-M,13/08/2024,134.441263
GME-POWER-M,14/08/2024,132.747240
GME-POWER-M,15/08/2024,132.295232
GME-POWER-M,16/08/2024,128.525647
GME-POWER-M,17/08/2024,124.914595
GME-POWER-M,18/08/2024,122.277101
GME-POWER-M,19/08/2024,120.802164
GME-POWER-M,20/08/2024,118.384893
GME-POWER-M,21/08/2024,126.197181
GME-POWER-M,22/08/2024,118.791391
GME-POWER-M,23/08/2024,129.537359
GME-POWER-M,24/08/2024,122.609167
GME-POWER-M,25/08/2024,126.842038
GME-POWER-M,26/08/2024,133.223178
GME-POWER-M,27/08/2024,142.086232
GME-POWER-M,28/08/2024,143.153165
GME-POWER-M,29/08/2024,140.675170
GME-POWER-M,30/08/2024,136.074845
GME-POWER-M,31/08/2024,124.147132
GME-POWER-M,01/09/2024,121.120262
GME-POWER-M,02/09/2024,163.076904
GME-POWER-M,03/09/2024,150.226847
GME-POWER-M,04/09/2024,151.067897
GME-POWER-M,05/09/2024,140.113262
GME-POWER-M,06/09/2024,131.659875
GME-POWER-M,07/09/2024,125.931334
GME-POWER-M,08/09/2024,116.070889
GME-POWER-M,09/09/2024,120.964743
GME-POWER-M,10/09/2024,106.988523
GME-POWER-M,11/09/2024,122.500657
GME-POWER-M,12/09/2024,112.778536
GME-POWER-M,13/09/2024,101.669198
GME-POWER-M,14/09/2024,98.907603
GME-POWER-M,15/09/2024,91.591417
GME-POWER-M,16/09/2024,115.490029
GME-POWER-M,17/09/2024,114.823411
GME-POWER-M,18/09/2024,112.492473
GME-POWER-M,19/09/2024,109.960626
GME-POWER-M,20/09/2024,119.594180
GME-POWER-M,21/09/2024,105.491422
GME-POWER-M,22/09/2024,103.331641
GME-POWER-M,23/09/2024,141.652155
GME-POWER-M,24/09/2024,107.012078
GME-POWER-M,25/09/2024,114.010677
GME-POWER-M,26/09/2024,109.282469
GME-POWER-M,27/09/2024,109.066310
GME-POWER-M,28/09/2024,102.864181
GME-POWER-M,29/09/2024,83.136607
GME-POWER-M,30/09/2024,110.899079
GME-POWER-M,01/10/2024,125.117645
GME-POWER-M,02/10/2024,127.625782
GME-POWER-M,03/10/2024,115.878730
GME-POWER-M,04/10/2024,117.803396
GME-POWER-M,05/10/2024,113.979309
GME-POWER-M,06/10/2024,118.361563
GME-POWER-M,07/10/2024,125.243841
GME-POWER-M,08/10/2024,113.583823
GME-POWER-M,09/10/2024,112.832282
GME-POWER-M,10/10/2024,103.286783
GME-POWER-M,11/10/2024,103.896615
GME-POWER-M,12/10/2024,95.914472
GME-POWER-M,13/10/2024,93.972585
GME-POWER-M,14/10/2024,119.192107
GME-POWER-M,15/10/2024,108.982861
GME-POWER-M,16/10/2024,122.980292
GME-POWER-M,17/10/2024,118.411181
GME-POWER-M,18/10/2024,115.668440
GME-POWER-M,19/10/2024,109.498660
GME-POWER-M,20/10/2024,118.454176
GME-POWER-M,21/10/2024,128.871547
GME-POWER-M,22/10/2024,124.155062
GME-POWER-M,23/10/2024,123.413728
GME-POWER-M,24/10/2024,119.625918
GME-POWER-M,25/10/2024,121.776013
GME-POWER-M,26/10/2024,114.392892
GME-POWER-M,27/10/2024,114.060054
GME-POWER-M,28/10/2024,117.949774
GME-POWER-M,29/10/2024,129.425697
GME-POWER-M,30/10/2024,126.653477
GME-POWER-M,31/10/2024,116.436213
GME-POWER-M,01/11/2024,107.458997
GME-POWER-M,02/11/2024,114.811075
GME-POWER-M,03/11/2024,107.696922
GME-POWER-M,04/11/2024,128.385950
GME-POWER-M,05/11/2024,124.897887
GME-POWER-M,06/11/2024,126.539732
GME-POWER-M,07/11/2024,126.958081
GME-POWER-M,08/11/2024,118.505450
GME-POWER-M,09/11/2024,119.187940
GME-POWER-M,10/11/2024,120.062170
GME-POWER-M,11/11/2024,127.126835
GME-POWER-M,12/11/2024,139.608710
GME-POWER-M,13/11/2024,138.067563
GME-POWER-M,14/11/2024,133.489097
GME-POWER-M,15/11/2024,134.550334
GME-POWER-M,16/11/2024,133.198947
GME-POWER-M,17/11/2024,123.857666
GME-POWER-M,18/11/2024,137.210192
GME-POWER-M,19/11/2024,141.381389
GME-POWER-M,20/11/2024,130.983648
GME-POWER-M,21/11/2024,134.301060
GME-POWER-M,22/11/2024,136.389945
GME-POWER-M,23/11/2024,137.896267
GME-POWER-M,24/11/2024,132.272329
GME-POWER-M,25/11/2024,143.310619
GME-POWER-M,26/11/2024,150.171880
GME-POWER-M,27/11/2024,155.751948
GME-POWER-M,28/11/2024,144.601669
GME-POWER-M,29/11/2024,136.719070
GME-POWER-M,30/11/2024,121.279654
GME-POWER-M,01/12/2024,115.318871
GME-POWER-M,02/12/2024,137.604689
GME-POWER-M,03/12/2024,159.843624
GME-POWER-M,04/12/2024,167.946253
GME-POWER-M,05/12/2024,148.532533
GME-POWER-M,06/12/2024,144.739709
GME-POWER-M,07/12/2024,142.820896
GME-POWER-M,08/12/2024,127.987757
GME-POWER-M,09/12/2024,129.840673
GME-POWER-M,10/12/2024,158.318915
GME-POWER-M,11/12/2024,182.117511
GME-POWER-M,12/12/2024,174.188461
GME-POWER-M,13/12/2024,173.847205
GME-POWER-M,14/12/2024,125.002226
GME-POWER-M,15/12/2024,119.507930
GME-POWER-M,16/12/2024,134.230220
GME-POWER-M,17/12/2024,135.723492
GME-POWER-M,18/12/2024,128.681053
GME-POWER-M,19/12/2024,119.473547
GME-POWER-M,20/12/2024,114.246255
GME-POWER-M,21/12/2024,100.189081
GME-POWER-M,22/12/2024,110.609515
GME-POWER-M,23/12/2024,92.947171
GME-POWER-M,24/12/2024,125.506626
GME-POWER-M,25/12/2024,108.833918
GME-POWER-M,26/12/2024,118.988127
GME-POWER-M,27/12/2024,132.515388
GME-POWER-M,28/12/2024,128.454438
GME-POWER-M,29/12/2024,143.601494
GME-POWER-M,30/12/2024,147.630065
GME-POWER-M,31/12/2024,137.761532
GME-POWER-M,01/01/2025,140.728274
GME-POWER-M,02/01/2025,139.337086
GME-POWER-M,03/01/2025,126.256234
GME-POWER-M,04/01/2025,147.060792
GME-POWER-M,05/01/2025,143.940000
GME-POWER-M,06/01/2025,136.430986
GME-POWER-M,07/01/2025,143.839844
GME-POWER-M,08/01/2025,133.233062
GME-POWER-M,09/01/2025,133.659215
GME-POWER-M,10/01/2025,130.685106
GME-POWER-M,11/01/2025,126.986137
GME-POWER-M,12/01/2025,112.953309
GME-POWER-M,13/01/2025,135.226605
GME-POWER-M,14/01/2025,142.823266
GME-POWER-M,15/01/2025,170.650263
GME-POWER-M,16/01/2025,152.075015
GME-POWER-M,17/01/2025,146.090147
GME-POWER-M,18/01/2025,140.518200
GME-POWER-M,19/01/2025,144.618452
GME-POWER-M,20/01/2025,192.837190
GME-POWER-M,21/01/2025,163.348763
GME-POWER-M,22/01/2025,159.220873
GME-POWER-M,23/01/2025,145.912652
GME-POWER-M,24/01/2025,147.744060
GME-POWER-M,25/01/2025,139.012018
GME-POWER-M,26/01/2025,129.734348
GME-POWER-M,27/01/2025,142.409121
GME-POWER-M,28/01/2025,135.131061
GME-POWER-M,29/01/2025,137.887994
GME-POWER-M,30/01/2025,142.147490
GME-POWER-M,31/01/2025,151.379088
GME-POWER-M,01/02/2025,146.604626
GME-POWER-M,02/02/2025,138.073555
GME-POWER-M,03/02/2025,155.599213
GME-POWER-M,04/02/2025,152.619292
GME-POWER-M,05/02/2025,149.720412
GME-POWER-M,06/02/2025,152.658769
GME-POWER-M,07/02/2025,154.740559
GME-POWER-M,08/02/2025,155.555735
GME-POWER-M,09/02/2025,155.763750
GME-POWER-M,10/02/2025,163.460480
GME-POWER-M,11/02/2025,166.006668
GME-POWER-M,12/02/2025,171.878335
GME-POWER-M,13/02/2025,169.992462
GME-POWER-M,14/02/2025,158.567170
GME-POWER-M,15/02/2025,142.179519
GME-POWER-M,16/02/2025,143.727561
GME-POWER-M,17/02/2025,161.463233
GME-POWER-M,18/02/2025,155.775111
GME-POWER-M,19/02/2025,152.256956
GME-POWER-M,20/02/2025,153.041024
GME-POWER-M,21/02/2025,144.806642
GME-POWER-M,22/02/2025,138.320665
GME-POWER-M,23/02/2025,133.022189
GME-POWER-M,24/02/2025,143.066303
GME-POWER-M,25/02/2025,144.469590
GME-POWER-M,26/02/2025,140.597792
GME-POWER-M,27/02/2025,134.104316
GME-POWER-M,28/02/2025,132.037274
GME-POWER-M,01/03/2025,128.377284
GME-POWER-M,02/03/2025,106.261886
GME-POWER-M,03/03/2025,131.183151
GME-POWER-M,04/03/2025,135.219349
GME-POWER-M,05/03/2025,129.564819
GME-POWER-M,06/03/2025,124.273201
GME-POWER-M,07/03/2025,124.334799
GME-POWER-M,08/03/2025,105.776143
GME-POWER-M,09/03/2025,111.425344
GME-POWER-M,10/03/2025,125.319110
GME-POWER-M,11/03/2025,124.463440
GME-POWER-M,12/03/2025,127.755697
GME-POWER-M,13/03/2025,118.849549
GME-POWER-M,14/03/2025,121.494720
GME-POWER-M,15/03/2025,117.693434
GME-POWER-M,16/03/2025,86.076670
GME-POWER-M,17/03/2025,121.448293
GME-POWER-M,18/03/2025,116.583676
GME-POWER-M,19/03/2025,124.104346
GME-POWER-M,20/03/2025,124.887576
GME-POWER-M,21/03/2025,130.491390
GME-POWER-M,22/03/2025,124.555416
GME-POWER-M,23/03/2025,120.700000
GME-POWER-M,24/03/2025,131.354276
GME-POWER-M,25/03/2025,126.979423
GME-POWER-M,26/03/2025,125.964970
GME-POWER-M,27/03/2025,123.583665
GME-POWER-M,28/03/2025,114.835570
GME-POWER-M,29/03/2025,122.049212
GME-POWER-M,30/03/2025,90.149574
GME-POWER-M,31/03/2025,119.978895
GME-POWER-M,01/04/2025,117.626661
GME-POWER-M,02/04/2025,121.283808
GME-POWER-M,03/04/2025,119.849442
GME-POWER-M,04/04/2025,115.634777
GME-POWER-M,05/04/2025,104.309245
GME-POWER-M,06/04/2025,100.945416
GME-POWER-M,07/04/2025,103.697601
GME-POWER-M,08/04/2025,108.773433
GME-POWER-M,09/04/2025,115.483137
GME-POWER-M,10/04/2025,105.318938
GME-POWER-M,11/04/2025,101.164396
GME-POWER-M,12/04/2025,85.802373
GME-POWER-M,13/04/2025,96.555974
GME-POWER-M,14/04/2025,113.595310
GME-POWER-M,15/04/2025,109.438680
GME-POWER-M,16/04/2025,112.092477
GME-POWER-M,17/04/2025,108.545219
GME-POWER-M,18/04/2025,97.906941
GME-POWER-M,19/04/2025,82.340106
GME-POWER-M,20/04/2025,89.193770
GME-POWER-M,21/04/2025,96.022503
GME-POWER-M,22/04/2025,108.674621
GME-POWER-M,23/04/2025,109.904222
GME-POWER-M,24/04/2025,99.955573
GME-POWER-M,25/04/2025,75.439196
GME-POWER-M,26/04/2025,70.054084
GME-POWER-M,27/04/2025,62.581635
GME-POWER-M,28/04/2025,94.098921
GME-POWER-M,29/04/2025,81.874027
GME-POWER-M,30/04/2025,87.446822
GME-POWER-M,01/05/2025,62.480954
GME-POWER-M,02/05/2025,79.914736
GME-POWER-M,03/05/2025,81.264992
GME-POWER-M,04/05/2025,51.102100
GME-POWER-M,05/05/2025,103.450851
GME-POWER-M,06/05/2025,99.628156
GME-POWER-M,07/05/2025,108.762948
GME-POWER-M,08/05/2025,100.339830
GME-POWER-M,09/05/2025,104.250803
GME-POWER-M,10/05/2025,86.087716
GME-POWER-M,11/05/2025,78.220649
GME-POWER-M,12/05/2025,102.989476
GME-POWER-M,13/05/2025,113.935435
GME-POWER-M,14/05/2025,102.900793
GME-POWER-M,15/05/2025,100.205185
GME-POWER-M,16/05/2025,91.522698
GME-POWER-M,17/05/2025,89.324281
GME-POWER-M,18/05/2025,69.744597
GME-POWER-M,19/05/2025,99.484224
GME-POWER-M,20/05/2025,119.069084
GME-POWER-M,21/05/2025,105.114699
GME-POWER-M,22/05/2025,105.817478
GME-POWER-M,23/05/2025,114.914952
GME-POWER-M,24/05/2025,83.631666
GME-POWER-M,25/05/2025,47.739380
GME-POWER-M,26/05/2025,105.357487
GME-POWER-M,27/05/2025,115.182385
GME-POWER-M,28/05/2025,110.041120
GME-POWER-M,29/05/2025,92.895495
GME-POWER-M,30/05/2025,86.556656
GME-POWER-M,31/05/2025,88.914930
GME-POWER-M,01/06/2025,85.435833
GME-POWER-M,02/06/2025,92.384937
GME-POWER-M,03/06/2025,107.886930
GME-POWER-M,04/06/2025,116.821666
GME-POWER-M,05/06/2025,112.137317
GME-POWER-M,06/06/2025,114.072708
GME-POWER-M,07/06/2025,84.759688
GME-POWER-M,08/06/2025,70.019809
GME-POWER-M,09/06/2025,100.781014
GME-POWER-M,10/06/2025,110.567634
GME-POWER-M,11/06/2025,116.569371
GME-POWER-M,12/06/2025,116.414051
GME-POWER-M,13/06/2025,117.796154
GME-POWER-M,14/06/2025,117.717930
GME-POWER-M,15/06/2025,115.018885
GME-POWER-M,16/06/2025,124.571251
GME-POWER-M,17/06/2025,117.639796
GME-POWER-M,18/06/2025,122.165777
GME-POWER-M,19/06/2025,124.669945
GME-POWER-M,20/06/2025,119.596351
GME-POWER-M,21/06/2025,115.240061
GME-POWER-M,22/06/2025,108.151221
GME-POWER-M,23/06/2025,136.573020
GME-POWER-M,24/06/2025,132.785625
GME-POWER-M,25/06/2025,129.741085
GME-POWER-M,26/06/2025,126.904393
GME-POWER-M,27/06/2025,118.413128
GME-POWER-M,28/06/2025,96.764668
GME-POWER-M,29/06/2025,79.691495
GME-POWER-M,30/06/2025,122.197287
GME-POWER-M,01/07/2025,133.687222
GME-POWER-M,02/07/2025,125.644613
GME-POWER-M,03/07/2025,121.590489
GME-POWER-M,04/07/2025,126.466012
GME-POWER-M,05/07/2025,122.392895
GME-POWER-M,06/07/2025,107.731018
GME-POWER-M,07/07/2025,118.265307
GME-POWER-M,08/07/2025,109.391219
GME-POWER-M,09/07/2025,100.825237
GME-POWER-M,10/07/2025,106.622981
GME-POWER-M,11/07/2025,116.074418
GME-POWER-M,12/07/2025,101.635908
GME-POWER-M,13/07/2025,105.826172
GME-POWER-M,14/07/2025,119.763052
GME-POWER-M,15/07/2025,122.515357
GME-POWER-M,16/07/2025,117.158813
GME-POWER-M,17/07/2025,115.916674
GME-POWER-M,18/07/2025,119.502849
GME-POWER-M,19/07/2025,117.487490
GME-POWER-M,20/07/2025,112.772547
GME-POWER-M,21/07/2025,120.798109
GME-POWER-M,22/07/2025,113.421240
GME-POWER-M,23/07/2025,118.582892
GME-POWER-M,24/07/2025,116.468091
GME-POWER-M,25/07/2025,118.418422
GME-POWER-M,26/07/2025,105.301068
GME-POWER-M,27/07/2025,75.686338
GME-POWER-M,28/07/2025,101.705963
GME-POWER-M,29/07/2025,99.508602
GME-POWER-M,30/07/2025,110.254163
GME-POWER-M,31/07/2025,105.620868
GME-POWER-M,01/08/2025,113.272111
GME-POWER-M,02/08/2025,109.773885
GME-POWER-M,03/08/2025,89.807424
GME-POWER-M,04/08/2025,112.156147
GME-POWER-M,05/08/2025,105.401250
GME-POWER-M,06/08/2025,109.090772
GME-POWER-M,07/08/2025,113.200968
GME-POWER-M,08/08/2025,108.792016
GME-POWER-M,09/08/2025,104.992824
GME-POWER-M,10/08/2025,101.951784
GME-POWER-M,11/08/2025,115.419415
GME-POWER-M,12/08/2025,113.533869
GME-POWER-M,13/08/2025,118.473487
GME-POWER-M,14/08/2025,115.982326
GME-POWER-M,15/08/2025,110.112455
GME-POWER-M,16/08/2025,114.321622
GME-POWER-M,17/08/2025,105.030894
GME-POWER-M,18/08/2025,110.880378
GME-POWER-M,19/08/2025,105.422451
GME-POWER-M,20/08/2025,111.243258
GME-POWER-M,21/08/2025,108.050277
GME-POWER-M,22/08/2025,104.972766
GME-POWER-M,23/08/2025,101.341622
GME-POWER-M,24/08/2025,100.465230
GME-POWER-M,25/08/2025,117.235333
GME-POWER-M,26/08/2025,116.197487
GME-POWER-M,27/08/2025,117.355200
GME-POWER-M,28/08/2025,122.205379
GME-POWER-M,29/08/2025,115.633210
GME-POWER-M,30/08/2025,90.960822
GME-POWER-M,31/08/2025,89.182314
GME-POWER-M,01/09/2025,112.597715
GME-POWER-M,02/09/2025,110.905036
GME-POWER-M,03/09/2025,106.561340
GME-POWER-M,04/09/2025,113.218993
GME-POWER-M,05/09/2025,111.119540
GME-POWER-M,06/09/2025,94.953352
GME-POWER-M,07/09/2025,95.857969
GME-POWER-M,08/09/2025,121.004116
GME-POWER-M,09/09/2025,117.268748
GME-POWER-M,10/09/2025,120.958934
GME-POWER-M,11/09/2025,115.813382
GME-POWER-M,12/09/2025,114.787880
GME-POWER-M,13/09/2025,103.567141
GME-POWER-M,14/09/2025,84.742317
GME-POWER-M,15/09/2025,112.807479
GME-POWER-M,16/09/2025,110.724262
GME-POWER-M,17/09/2025,109.608497
GME-POWER-M,18/09/2025,111.914632
GME-POWER-M,19/09/2025,116.046927
GME-POWER-M,20/09/2025,106.548155
GME-POWER-M,21/09/2025,99.609895
GME-POWER-M,22/09/2025,116.190183
GME-POWER-M,23/09/2025,116.199667
GME-POWER-M,24/09/2025,114.271819
GME-POWER-M,25/09/2025,106.186107
GME-POWER-M,26/09/2025,109.413013
GME-POWER-M,27/09/2025,106.411483
GME-POWER-M,28/09/2025,92.010115
GME-POWER-M,29/09/2025,108.780247
GME-POWER-M,30/09/2025,112.198444
GME-POWER-M,01/10/2025,117.178342
GME-POWER-M,02/10/2025,104.404707
GME-POWER-M,03/10/2025,96.107527
GME-POWER-M,04/10/2025,97.555776
GME-POWER-M,05/10/2025,77.731276
GME-POWER-M,06/10/2025,97.323155
GME-POWER-M,07/10/2025,112.610182
GME-POWER-M,08/10/2025,114.527398
GME-POWER-M,09/10/2025,126.312720
GME-POWER-M,10/10/2025,120.225816
GME-POWER-M,11/10/2025,101.048355
GME-POWER-M,12/10/2025,105.756895
GME-POWER-M,13/10/2025,123.679986
GME-POWER-M,14/10/2025,124.216742
GME-POWER-M,15/10/2025,126.777630
GME-POWER-M,16/10/2025,121.817324
GME-POWER-M,17/10/2025,116.850472
GME-POWER-M,18/10/2025,111.722150
GME-POWER-M,19/10/2025,102.449401
GME-POWER-M,20/10/2025,122.597115
GME-POWER-M,21/10/2025,127.625165
GME-POWER-M,22/10/2025,128.009521
GME-POWER-M,23/10/2025,115.534569
GME-POWER-M,24/10/2025,101.274094
GME-POWER-M,25/10/2025,95.430793
GME-POWER-M,26/10/2025,83.548459
GME-POWER-M,27/10/2025,104.992638
GME-POWER-M,28/10/2025,109.946079
GME-POWER-M,29/10/2025,114.501535
GME-POWER-M,30/10/2025,117.174537
GME-POWER-M,31/10/2025,124.531952
GME-POWER-M,01/11/2025,105.552021
GME-POWER-M,02/11/2025,104.290505
GME-POWER-M,03/11/2025,109.927712
GME-POWER-M,04/11/2025,104.886513
GME-POWER-M,05/11/2025,112.902806
GME-POWER-M,06/11/2025,115.424388
GME-POWER-M,07/11/2025,116.286381
GME-POWER-M,08/11/2025,109.907969
GME-POWER-M,09/11/2025,107.569275
GME-POWER-M,10/11/2025,115.341678
GME-POWER-M,11/11/2025,114.063984
GME-POWER-M,12/11/2025,114.473364
GME-POWER-M,13/11/2025,124.414043
GME-POWER-M,14/11/2025,115.363741
GME-POWER-M,15/11/2025,111.402563
GME-POWER-M,16/11/2025,111.300687
GME-POWER-M,17/11/2025,107.156051
GME-POWER-M,18/11/2025,116.642901
GME-POWER-M,19/11/2025,120.367214
GME-POWER-M,20/11/2025,128.430817
GME-POWER-M,21/11/2025,134.100331
GME-POWER-M,22/11/2025,117.057414
GME-POWER-M,23/11/2025,109.257145
GME-POWER-M,24/11/2025,132.805264
GME-POWER-M,25/11/2025,140.149477
GME-POWER-M,26/11/2025,147.320272
GME-POWER-M,27/11/2025,120.535425
GME-POWER-M,28/11/2025,121.340500
GME-POWER-M,29/11/2025,114.259493
GME-POWER-M,30/11/2025,110.021463
GME-POWER-M,01/12/2025,132.021743
GME-POWER-M,02/12/2025,133.686682
GME-POWER-M,03/12/2025,145.000924
GME-POWER-M,04/12/2025,129.552403
GME-POWER-M,05/12/2025,131.190372
GME-POWER-M,06/12/2025,107.984421
GME-POWER-M,07/12/2025,103.599652
GME-POWER-M,08/12/2025,105.738878
GME-POWER-M,09/12/2025,114.988318
GME-POWER-M,10/12/2025,119.092101
GME-POWER-M,11/12/2025,116.923997
GME-POWER-M,12/12/2025,115.388651
GME-POWER-M,13/12/2025,107.628379
GME-POWER-M,14/12/2025,107.643708
GME-POWER-M,15/12/2025,116.718358
GME-POWER-M,16/12/2025,121.827900
GME-POWER-M,17/12/2025,120.136572
GME-POWER-M,18/12/2025,120.385812
GME-POWER-M,19/12/2025,119.100849
GME-POWER-M,20/12/2025,112.517485
GME-POWER-M,21/12/2025,107.629265
GME-POWER-M,22/12/2025,113.773797
GME-POWER-M,23/12/2025,113.503350
GME-POWER-M,24/12/2025,110.255723
GME-POWER-M,25/12/2025,106.762789
GME-POWER-M,26/12/2025,107.276812
GME-POWER-M,27/12/2025,102.892009
GME-POWER-M,28/12/2025,104.378395
GME-POWER-M,29/12/2025,113.664200
GME-POWER-M,30/12/2025,109.045201
GME-POWER-M,31/12/2025,109.866562
GME-POWER-M,01/01/2026,106.442395
GME-POWER-M,02/01/2026,105.073383
GME-POWER-M,03/01/2026,104.146372
GME-POWER-M,04/01/2026,106.664903
GME-POWER-M,05/01/2026,122.622132
GME-POWER-M,06/01/2026,115.056145
GME-POWER-M,07/01/2026,120.964578
GME-POWER-M,08/01/2026,128.683613
GME-POWER-M,09/01/2026,127.188968
GME-POWER-M,10/01/2026,114.110936
GME-POWER-M,11/01/2026,107.133080
GME-POWER-M,12/01/2026,132.971305
GME-POWER-M,13/01/2026,135.663428
GME-POWER-M,14/01/2026,141.512557
GME-POWER-M,15/01/2026,144.975298
GME-POWER-M,16/01/2026,140.828756
GME-POWER-M,17/01/2026,125.728960
GME-POWER-M,18/01/2026,131.245806
GME-POWER-M,19/01/2026,148.502936
GME-POWER-M,20/01/2026,148.125201
GME-POWER-M,21/01/2026,152.715243
GME-POWER-M,22/01/2026,159.285322
GME-POWER-M,23/01/2026,158.241147
GME-POWER-M,24/01/2026,138.427216
GME-POWER-M,25/01/2026,128.740398
GME-POWER-M,26/01/2026,149.490110
GME-POWER-M,27/01/2026,150.968495
GME-POWER-M,28/01/2026,149.928721
GME-POWER-M,29/01/2026,146.007936
GME-POWER-M,30/01/2026,139.419652
GME-POWER-M,31/01/2026,131.747142
GME-POWER-M,01/02/2026,117.637087
GME-POWER-M,02/02/2026,140.358959
GME-POWER-M,03/02/2026,138.942390
GME-POWER-M,04/02/2026,135.308333
GME-POWER-M,05/02/2026,129.482402
GME-POWER-M,06/02/2026,125.823364
GME-POWER-M,07/02/2026,112.255939
GME-POWER-M,08/02/2026,114.903617
GME-POWER-M,09/02/2026,136.834407
GME-POWER-M,10/02/2026,128.175113
GME-POWER-M,11/02/2026,120.839803
GME-POWER-M,12/02/2026,115.056399
GME-POWER-M,13/02/2026,109.076760
GME-POWER-M,14/02/2026,108.461005
GME-POWER-M,15/02/2026,95.026137
GME-POWER-M,16/02/2026,113.228964
GME-POWER-M,17/02/2026,102.421510
GME-POWER-M,18/02/2026,112.884053
GME-POWER-M,19/02/2026,112.123334
GME-POWER-M,20/02/2026,108.284504
GME-POWER-M,21/02/2026,98.445921
GME-POWER-M,22/02/2026,86.342289
GME-POWER-M,23/02/2026,104.991856
GME-POWER-M,24/02/2026,109.617065
GME-POWER-M,25/02/2026,107.499060
GME-POWER-M,26/02/2026,104.838070
GME-POWER-M,27/02/2026,107.456139
GME-POWER-M,28/02/2026,107.028831
GME-POWER-M,01/03/2026,105.251104
GME-POWER-M,02/03/2026,120.365794
GME-POWER-M,03/03/2026,125.202630
GME-POWER-M,04/03/2026,165.744020
GME-POWER-M,05/03/2026,151.942295
GME-POWER-M,06/03/2026,140.589408
GME-POWER-M,07/03/2026,142.497459
GME-POWER-M,08/03/2026,142.602661
GME-POWER-M,09/03/2026,156.176973
GME-POWER-M,10/03/2026,168.544146
GME-POWER-M,11/03/2026,147.782006
GME-POWER-M,12/03/2026,143.585451
GME-POWER-M,13/03/2026,146.579802
GME-POWER-M,14/03/2026,142.967597
GME-POWER-M,15/03/2026,127.112220
GME-POWER-M,16/03/2026,143.306021
GME-POWER-M,17/03/2026,142.960300
GME-POWER-M,18/03/2026,149.868039
GME-POWER-M,19/03/2026,139.216330
GME-POWER-M,20/03/2026,157.454769
GME-POWER-M,21/03/2026,148.551728
GME-POWER-M,22/03/2026,161.892417
GME-POWER-M,23/03/2026,165.243774
GME-POWER-M,24/03/2026,139.877856
GME-POWER-M,25/03/2026,138.051181
GME-POWER-M,26/03/2026,144.048499
GME-POWER-M,27/03/2026,148.349492
GME-POWER-M,28/03/2026,114.544443
GME-POWER-M,29/03/2026,116.933452
GME-POWER-M,30/03/2026,151.025505
GME-POWER-M,31/03/2026,156.020675
GME-POWER-M,01/04/2026,159.990538
GME-POWER-M,02/04/2026,148.510200
GME-POWER-M,03/04/2026,122.767547
GME-POWER-M,04/04/2026,113.457711
GME-POWER-M,05/04/2026,101.259583
GME-POWER-M,06/04/2026,108.845358
GME-POWER-M,07/04/2026,127.924371
GME-POWER-M,08/04/2026,127.976949
GME-POWER-M,09/04/2026,122.681112
GME-POWER-M,10/04/2026,129.670221
GME-POWER-M,11/04/2026,120.948904
GME-POWER-M,12/04/2026,101.194572
GME-POWER-M,13/04/2026,141.857965
GME-POWER-M,14/04/2026,150.624876
GME-POWER-M,15/04/2026,140.194363
GME-POWER-M,16/04/2026,130.187589
GME-POWER-M,17/04/2026,108.210714
GME-POWER-M,18/04/2026,89.390638
GME-POWER-M,19/04/2026,101.831701
GME-POWER-M,20/04/2026,110.845055
GME-POWER-M,21/04/2026,113.590683
GME-POWER-M,22/04/2026,120.065539
GME-POWER-M,23/04/2026,95.733503
GME-POWER-M,24/04/2026,111.573060
GME-POWER-M,25/04/2026,104.310104
GME-POWER-M,26/04/2026,107.731779
GME-POWER-M,27/04/2026,122.412750
GME-POWER-M,28/04/2026,128.587441
GME-POWER-M,29/04/2026,115.803142
GME-POWER-M,30/04/2026,105.791644
GME-POWER-M,01/05/2026,82.624251
GME-POWER-M,02/05/2026,100.350086
GME-POWER-M,03/05/2026,103.875795
GME-POWER-M,04/05/2026,136.326800
GME-POWER-M,05/05/2026,144.863405
GME-POWER-M,06/05/2026,146.460701
GME-POWER-M,07/05/2026,136.403821
GME-POWER-M,08/05/2026,130.031258
GME-POWER-M,09/05/2026,110.519197
GME-POWER-M,10/05/2026,115.675331
GME-POWER-M,11/05/2026,114.809585
GME-POWER-M,12/05/2026,103.219589
GME-POWER-M,13/05/2026,126.610839
GME-POWER-M,14/05/2026,121.736692
GME-POWER-M,15/05/2026,136.363537
GME-POWER-M,16/05/2026,110.015278
GME-POWER-M,17/05/2026,100.758661
GME-POWER-M,18/05/2026,139.237325
GME-POWER-M,19/05/2026,133.018118
GME-POWER-M,20/05/2026,123.026191
GME-POWER-M,21/05/2026,115.370406
GME-POWER-M,22/05/2026,111.237184
GME-POWER-M,23/05/2026,100.015441
GME-POWER-M,24/05/2026,92.283061
GME-POWER-M,25/05/2026,116.418065
GME-POWER-M,26/05/2026,126.003893
GME-POWER-M,27/05/2026,134.525482
GME-POWER-M,28/05/2026,131.300319
GME-POWER-M,29/05/2026,134.343828
GME-POWER-M,30/05/2026,112.913711
GME-POWER-M,31/05/2026,109.551147
GME-POWER-M,01/06/2026,120.690576
GME-POWER-M,02/06/2026,136.512624
GME-POWER-M,03/06/2026,132.371483
GME-POWER-M,04/06/2026,136.958828
GME-POWER-M,05/06/2026,136.760281
GME-POWER-M,06/06/2026,133.387083
GME-POWER-M,07/06/2026,99.961288
GME-POWER-M,08/06/2026,142.884987
GME-POWER-M,09/06/2026,145.747088
GME-POWER-M,10/06/2026,146.650671
GME-POWER-M,11/06/2026,127.233222
GME-POWER-M,12/06/2026,113.430649
GME-POWER-M,13/06/2026,95.062829
GME-POWER-M,14/06/2026,91.152010
GME-POWER-M,15/06/2026,130.016676
GME-POWER-M,16/06/2026,132.617046
GME-POWER-M,17/06/2026,134.537472
GME-POWER-M,18/06/2026,139.577148
GME-POWER-M,19/06/2026,136.585472
GME-POWER-M,20/06/2026,124.207667
GME-POWER-M,21/06/2026,96.304834
GME-POWER-M,22/06/2026,141.811313
GME-POWER-M,23/06/2026,153.825928
GME-POWER-M,24/06/2026,162.656097
GME-POWER-M,25/06/2026,149.417096
GME-POWER-M,26/06/2026,155.459340
GME-POWER-M,27/06/2026,128.166041
GME-POWER-M,28/06/2026,121.367419
GME-POWER-M,29/06/2026,156.645459
GME-POWER-M,30/06/2026,153.138956
GME-POWER-M,01/07/2026,148.698461
GME-POWER-M,02/07/2026,142.101922
GME-POWER-M,03/07/2026,139.368173
GME-POWER-M,04/07/2026,105.298280
GME-POWER-M,05/07/2026,98.713707
GME-POWER-M,06/07/2026,144.028182
GME-POWER-M,07/07/2026,142.363213
GME-POWER-M,08/07/2026,146.427282
GME-POWER-M,09/07/2026,153.733705
GME-POWER-M,10/07/2026,148.426305
GME-POWER-M,11/07/2026,144.108266
GME-POWER-M,12/07/2026,129.538302
GME-POWER-M,13/07/2026,152.108264
GME-POWER-M,14/07/2026,151.886774
GME-POWER-M,15/07/2026,165.906756
GME-POWER-M,16/07/2026,170.473369
GME-POWER-M,17/07/2026,168.728406
GME-POWER-M,18/07/2026,166.835055
GME-POWER-M,19/07/2026,152.693564
GME-POWER-M,20/07/2026,172.563314
GME-POWER-M,21/07/2026,177.299750
GME-POWER-M,22/07/2026,170.206665
GME-POWER-M,23/07/2026,181.080908
GME-POWER-M,24/07/2026,170.234746
GME-POWER-M,25/07/2026,157.082125
GME-POWER-M,26/07/2026,161.362890
GME-POWER-M,27/07/2026,185.058184
GME-POWER-M,28/07/2026,176.066855
GME-POWER-M,29/07/2026,177.132011
GME-POWER-M,30/07/2026,182.432443
GME-POWER-M,31/07/2026,186.232310
GME-POWER-M,01/08/2026,167.845544
GME-POWER-M,02/08/2026,165.386877
GME-POWER-M,03/08/2026,197.710392
GME-POWER-M,04/08/2026,194.943485
GME-POWER-M,05/08/2026,207.843586
GME-POWER-M,06/08/2026,198.347980
GME-POWER-M,07/08/2026,184.225808
GME-POWER-M,08/08/2026,171.932166
GME-POWER-M,09/08/2026,152.067647
GME-POWER-M,10/08/2026,178.885250
GME-POWER-M,11/08/2026,181.142166
GME-POWER-M,12/08/2026,176.067223
GME-POWER-M,13/08/2026,183.797386
GME-POWER-M,14/08/2026,174.546152
GME-POWER-M,15/08/2026,151.733046
GME-POWER-M,16/08/2026,159.040294
GME-POWER-M,17/08/2026,179.304442
GME-POWER-M,18/08/2026,172.638831
GME-POWER-M,19/08/2026,175.486413
GME-POWER-M,20/08/2026,180.890230
GME-POWER-M,21/08/2026,180.905109
GME-POWER-M,22/08/2026,160.556315
GME-POWER-M,23/08/2026,128.418891
GME-POWER-M,24/08/2026,192.764970
GME-POWER-M,25/08/2026,190.541451
GME-POWER-M,26/08/2026,198.075309
GME-POWER-M,27/08/2026,205.523635
GME-POWER-M,28/08/2026,205.520115
GME-POWER-M,29/08/2026,193.792949
GME-POWER-M,30/08/2026,172.727140
GME-POWER-M,31/08/2026,197.306420
GME-POWER-M,01/09/2026,198.817809
GME-POWER-M,02/09/2026,212.709116
GME-POWER-M,03/09/2026,212.462102
GME-POWER-M,04/09/2026,211.174232
GME-POWER-M,05/09/2026,196.009162
GME-POWER-M,06/09/2026,191.746819
GME-POWER-M,07/09/2026,218.932523
GME-POWER-M,08/09/2026,224.461775
GME-POWER-M,09/09/2026,224.955306
GME-POWER-M,10/09/2026,228.477072
GME-POWER-M,11/09/2026,216.254631
GME-POWER-M,12/09/2026,194.210923
GME-POWER-M,13/09/2026,166.514247
GME-POWER-M,14/09/2026,225.848366
GME-POWER-M,15/09/2026,223.681549
GME-POWER-M,16/09/2026,227.736425
GME-POWER-M,17/09/2026,222.805008
GME-POWER-M,18/09/2026,220.825216
GME-POWER-M,19/09/2026,203.025973
GME-POWER-M,20/09/2026,186.817144
GME-POWER-M,21/09/2026,224.232069
GME-POWER-M,22/09/2026,215.249541
GME-POWER-M,23/09/2026,205.915295
GME-POWER-M,24/09/2026,209.302545
GME-POWER-M,25/09/2026,204.192696
GME-POWER-M,26/09/2026,178.598906
GME-POWER-M,27/09/2026,172.774581
GME-POWER-M,28/09/2026,203.552609
GME-POWER-M,29/09/2026,203.021543
GME-POWER-M,30/09/2026,201.961314
GME-POWER-M,01/10/2026,209.949464
