IT0005640666,BOT 364 gg 14.3.2025 - 13.3.2026,BOT,14/03/2025,13/03/2026
IT0005670895,BOT 182 gg 30.9.2025 - 31.3.2026,BOT,30/09/2025,31/03/2026
IT0005645509,BOT 365 gg 14.4.2025 - 14.4.2026,BOT,14/04/2025,14/04/2026
IT0005650574,BOT 365 gg 14.5.2025 - 14.5.2026,BOT,14/05/2025,14/05/2026
IT0005680639,BOT 182 gg 28.11.2025 - 29.5.2026,BOT,28/11/2025,29/05/2026
IT0005655037,BOT 364 gg 13.6.2025 - 12.6.2026,BOT,13/06/2025,12/06/2026
IT0005660029,BOT 365 gg 14.7.2025 - 14.7.2026,BOT,14/07/2025,14/07/2026
IT0005692485,BOT 182 gg 30.1.2026 - 31.7.2026,BOT,30/01/2026,31/07/2026
IT0005666851,BOT 365 gg 14.8.2025 - 14.8.2026,BOT,14/08/2025,14/08/2026
IT0005669269,BOT 367 gg 12.9.2025 - 14.9.2026,BOT,12/09/2025,14/09/2026
IT0005674335,BOT 365 gg 14.10.2025 - 14.10.2026,BOT,14/10/2025,14/10/2026
IT0005678492,BOT 364 gg 14.11.2025 - 13.11.2026,BOT,14/11/2025,13/11/2026
IT0005684888,BOT 367 gg 12.12.2025 - 14.12.2026,BOT,12/12/2025,14/12/2026
IT0005689887,BOT 365 gg 14.1.2026 - 14.1.2027,BOT,14/01/2026,14/01/2027
IT0005695256,BOT 364 gg 13.2.2026 - 12.2.2027,BOT,13/02/2026,12/02/2027
