AFGHANISTAN,Afghani,AFN,971
ALBANIA,Lek,ALL,8
ALGERIA,Dinaro Algerino,DZD,12
ANDORRA,Euro,EUR,978
ANGOLA,Kwanza,AOA,973
ANGUILLA,Dollaro Caraibico Orientale,XCD,951
ANTIGUA E BARBUDA,Dollaro Caraibico Orientale,XCD,951
ARABIA SAUDITA,Riyal saudita,SAR,682
ARGENTINA,Peso Argentino,ARS,32
ARMENIA,Dram Armeno,AMD,51
ARUBA,Fiorino Aruba,AWG,533
AUSTRALIA,Dollaro Australiano,AUD,36
AUSTRIA,Euro,EUR,978
AZERBAIGIAN,Manat dell'Azerbaigian,AZN,944
BAHAMAS (THE),Dollaro delle Bahamas,BSD,44
BAHRAIN,Dinaro del Bahrain,BHD,48
BANGLADESH,Taka,BDT,50
BARBADOS,Dollaro delle Barbados,BBD,52
BELGIO,Euro,EUR,978
BELIZE,Dollaro Belize,BZD,84
BENIN,Franco CCE BCEAO,XOF,952
BERMUDA,Dollaro delle Bermuda,BMD,60
BHUTAN,Ngultrum,BTN,64
BHUTAN,Rupia Indiana,INR,356
BIELORUSSIA,Rublo Bielorusso,BYR,974
BOLIVIA (STATO PLURINAZIONALE DI),Boliviano,BOB,68
BOLIVIA (STATO PLURINAZIONALE DI),Mvdol,BOV,984
BONAIRE,Dollaro Americano,USD,840
BOSNIA ERZEGOVINA,Marco Convertibile,BAM,977
BOTSWANA,Pula,BWP,72
BOUVET ISLAND,Corona Norvegese,NOK,578
BRASILE,Real Brasiliano,BRL,986
BRUNEI DARUSSALAM,Dollaro del Brunei,BND,96
BULGARIA,Lev Bulgaro,BGN,975
BURKINA FASO,CFA Franco BCEAO,XOF,952
BURUNDI,Burundi Franco,BIF,108
CABO VERDE,Cabo Verde Escudo,CVE,132
CAMBOGIA,Riel,KHR,116
CAMERUN,CFA Franco BEAC,XAF,950
CANADA,Dollaro Canadese,CAD,124
CHAD,CFA Franco BEAC,XAF,950
CILE,Unidad de Fomento,CLF,990
CILE,Peso Cileno,CLP,152
CINA,Yuan Renminbi,CNY,156
CIPRO,Euro,EUR,978
COLOMBIA,Peso Colombiano,COP,170
COLOMBIA,Unidad de Valor Real,COU,970
COMORE (THE),Franco delle Comore,KMF,174
CONGO (REPUBBLICA DEMOCRATICA DEL),Franco congolese,CDF,976
CONGO (THE),CFA Franco BEAC,XAF,950
COREA (LA REPUBBLICA DI),Won,KRW,410
COREA (REPUBBLICA POPOLARE DEMOCRATICA DI),Won Nordcoreano,KPW,408
COSTA D'AVORIO,CFA Franco BCEAO,XOF,952
COSTA RICA,Colón costaricano,CRC,188
CROAZIA,Kuna,HRK,191
CUBA,Peso cubano convertibile,CUC,931
CUBA,Peso cubano,CUP,192
CURACAO,Fiorino delle Antille olandesi,ANG,532
DANIMARCA,Corona Danese,DKK,208
DOMINICA,Dollaro dei Caraibi Orientali,XCD,951
ECUADOR,Dollaro Americano,USD,840
EGITTO,Sterlina Egiziana,EGP,818
EL SALVADOR,Colón Salvadoregno,SVC,222
EL SALVADOR,Dollaro Americano,USD,840
EMIRATI ARABI UNITI (THE),Dirham degli Emirati Arabi Uniti,AED,784
ERITREA,Nakfa,ERN,232
ESTONIA,Euro,EUR,978
ETIOPIA,Birr Etiope,ETB,230
FEDERAZIONE RUSSA (THE),Rublo russo,RUB,643
FIJI,Dollaro delle Figi,FJD,242
FILIPPINE (THE),Peso filippino,PHP,608
FINLANDIA,Euro,EUR,978
FONDO MONETARIO INTERNAZIONALE (FMI) ,DSR (Diritti Speciali di Prelievo),XDR,960
FRANCIA,Euro,EUR,978
GABON,CFA Franco BEAC,XAF,950
GAMBIA (THE),Dalasi,GMD,270
GEORGIA,Lari,GEL,981
GERMANIA,Euro,EUR,978
GHANA,Ghana Cedi,GHS,936
GIAMAICA,Dollaro giamaicano,JMD,388
GIAPPONE,Yen,JPY,392
GIBILTERRA,Sterlina di Gibilterra,GIP,292
GIBUTI,Franco del Gibuti,DJF,262
GIORDANIA,Dinaro giordano,JOD,400
GRECIA,Euro,EUR,978
GRENADA,Dollaro caraibico orientale,XCD,951
GROENLANDIA,Corona Danese,DKK,208
GRUPPI MEMBRI DEL GRUPPO BANCARIO DI SVILUPPO AFRICANO,Unità di conto ADB,XUA,965
GUADALUPA,Euro,EUR,978
GUAM,Dollaro Americano,USD,840
GUATEMALA,Quetzal,GTQ,320
GUERNSEY,Sterlina britannica,GBP,826
GUIANA FRANCESE,Euro,EUR,978
GUINEA,Franco della Guinea,GNF,324
GUINEA EQUATORIALE,CFA Franco BEAC,XAF,950
GUINEA-BISSAU,CFA Franco BCEAO,XOF,952
GUYANA,Dollaro della Guyana,GYD,328
HAITI,Gourde,HTG,332
HAITI,Dollaro Americano,USD,840
HONDURAS,Lempira,HNL,340
HONG KONG,Dollaro di Hong Kong,HKD,344
INDIA,Rupia indiana,INR,356
INDONESIA,Rupia,IDR,360
IRAN (REPUBBLICA ISLAMICA DEL),Riyal Iraniano,IRR,364
IRAQ,Dinaro Iracheno,IQD,368
IRLANDA,Euro,EUR,978
ISLANDA,Corona Islandese,ISK,352
ISOLA DI MAN,Sterlina britannica,GBP,826
ISOLA DI NATALE,Dollaro Australiano,AUD,36
ISOLA DI NORFOLK,Dollaro australiano,AUD,36
ISOLA SENTENTE E ISOLE McDONALD,Dollaro Australiano,AUD,36
ISOLE ALAND,Euro,EUR,978
ISOLE CAYMAN (THE),Dollaro delle Isole Cayman,KYD,136
ISOLE COCOS (KEELING) (THE),Dollaro Australiano,AUD,36
ISOLE COOK (THE),Dollaro neozelandese,NZD,554
ISOLE FALKLAND (THE) [MALVINAS],Sterlina delle Falkland,FKP,238
ISOLE FAROE (THE),Corona Danese,DKK,208
ISOLE MARIANA DEL NORD (THE),Dollaro Americano,USD,840
ISOLE MARSHALL (THE),Dollaro Americano,USD,840
Isole minori esterne degli Stati Uniti d'America (THE),Dollaro Americano,USD,840
ISOLE SALOMONE,Dollaro delle Isole Salomone,SBD,90
ISOLE TURKS E CAICOS,Dollaro Americano,USD,840
ISOLE VERGINI (INGLESE),Dollaro Americano,USD,840
ISOLE VERGINI (US),Dollaro Americano,USD,840
ISRAELE,Nuovo Shekel Israeliano,ILS,376
ITALIA,Euro,EUR,978
JERSEY,Sterlina britannica,GBP,826
KAZAKHSTAN,Tenge,KZT,398
KENYA,Scellino Keniota,KES,404
KIRGHIZISTAN,Som,KGS,417
KIRIBATI,Dollaro Australiano,AUD,36
KUWAIT,Dinaro Kuwaitiano,KWD,414
LAOS (THE),Kip,LAK,418
LESOTHO,Loti,LSL,426
LESOTHO,Rand,ZAR,710
LETTONIA,Euro,EUR,978
LIBANO,Libbra libanese,LBP,422
LIBERIA,Dollaro Liberiano,LRD,430
LIBIA,Dinaro Libico,LYD,434
LIECHTENSTEIN,Franco Svizzero,CHF,756
LITUANIA,Euro,EUR,978
LUSSEMBURGO,Euro,EUR,978
MACAO,Pataca,MOP,446
MACEDONIA (EX REPUBBLICA IUGOSLAVA DI),Denar,MKD,807
MADAGASCAR,Ariary Malgascio,MGA,969
MALAWI,Kwacha,MWK,454
MALAYSIA,Ringgit Malese,MYR,458
MALDIVE,Rufiyaa,MVR,462
MALI,CFA Franco BCEAO,XOF,952
MALTA,Euro,EUR,978
MAROCCO,Dirham Marocchino,MAD,504
MARTINICA,Euro,EUR,978
MAURITANIA,Ouguiya,MRO,478
MAURITIUS,Rupia delle Mauritius,MUR,480
MAYOTTE,Euro,EUR,978
MESSICO,Peso Messicano,MXN,484
MESSICO,Mexican Unidad de Inversion (UDI),MXV,979
MICRONESIA (STATI FEDERATI DI),Dollaro Americano,USD,840
MOLDOVA (REPUBBLICA DI),Leu Moldavo,MDL,498
MONACO,Euro,EUR,978
MONGOLIA,Tugrik,MNT,496
MONTENEGRO,Euro,EUR,978
MONTSERRAT,Dollaro caraibico orientale,XCD,951
MOZAMBICO,Metical Mozambicano,MZN,943
MYANMAR,Kyat,MMK,104
NAMIBIA,Dollaro Namibiano,NAD,516
NAMIBIA,Rand,ZAR,710
NAURU,Dollaro australiano,AUD,36
NEPAL,Rupia nepalese,NPR,524
NICARAGUA,Cordoba Oro,NIO,558
NIGER (THE),CFA Franco BCEAO,XOF,952
NIGERIA,Naira,NGN,566
NIUE,Dollaro neozelandese,NZD,554
NORVEGIA,Corona norvegese,NOK,578
NUOVA CALEDONIA,Franco CFP,XPF,953
NUOVA ZELANDA,Dollaro neozelandese,NZD,554
OMAN,Rial Omani,OMR,512
PAESI BASSI (THE),Euro,EUR,978
PAKISTAN,Rupia pakistana,PKR,586
PALAU,Dollaro Americano,USD,840
PANAMA,Balboa,PAB,590
PANAMA,Dollaro Americano,USD,840
PAPUA NUOVA GUINEA,Kina,PGK,598
PARAGUAY,Guarani,PYG,600
PERÙ,Nuevo Sol,PEN,604
PITCAIRN,Dollaro neozelandese,NZD,554
POLINESIA FRANCESE,Franco CFP,XPF,953
POLONIA,Zloty,PLN,985
PORTOGALLO,Euro,EUR,978
PUERTO RICO,Dollaro Americano,USD,840
QATAR,Rial del Qatar,QAR,634
REGNO UNITO DI GRAN BRETAGNA E IRLANDA DEL NORD (THE),Sterlina Britannica,GBP,826
REPUBBLICA ARABA SIRIANA,Sterlina siriana,SYP,760
REPUBBLICA CECA (THE),Corona Ceca,CZK,203
REPUBBLICA CENTRAFRICANA (THE),CFA Franco BEAC,XAF,950
REPUBBLICA DOMINICANA (THE),Peso dominicano,DOP,214
RIUNIONE,Euro,EUR,978
ROMANIA,Leu rumeno,RON,946
RUANDA,Franco ruandese,RWF,646
SAHARA OCCIDENTALE,Dirham Marocchino,MAD,504
SAINT BARTHÉLEMY,Euro,EUR,978
SAINT KITTS E NEVIS,Dollaro caraibico orientale,XCD,951
SAINT MARTIN (PARTE FRANCESE),Euro,EUR,978
SAINT PIERRE E MIQUELON,Euro,EUR,978
SAINT VINCENT E I GRENADINES,Dollaro caraibico orientale,XCD,951
SAMOA,Tala,WST,882
SAMOA AMERICANE,Dollaro Americano,USD,840
SAN MARINO,Euro,EUR,978
SANTA LUCIA,Dollaro caraibico orientale,XCD,951
SANTA SEDE (THE),Euro,EUR,978
SAO TOME E PRINCIPE,Dobra,STD,678
SENEGAL,CFA Franco BCEAO,XOF,952
SERBIA,Dinaro serbo,RSD,941
SEYCHELLES,Rupia delle Seychelles,SCR,690
SIERRA LEONE,Leone,SLL,694
SINGAPORE,Dollaro di Singapore,SGD,702
SINT MAARTEN (PARTE OLANDESE),Fiorino delle Antille olandesi,ANG,532
"SISTEMA UNITARIO DI COMPENSAZIONE REGIONAL DE PAGOS ""SUCRE""",Sucre,XSU,994
SLOVACCHIA,Euro,EUR,978
SLOVENIA,Euro,EUR,978
SOMALIA,Scellino somalo,SOS,706
SPAGNA,Euro,EUR,978
SRI LANKA,Rupia dello Sri Lanka,LKR,144
STATI UNITI D'AMERICA (THE),Dollaro Americano,USD,840
STATI UNITI D'AMERICA (THE),Dollaro USA (Next day),USN,997
SUD AFRICA,Rand,ZAR,710
SUDAN (THE),Sterlina sudanese,SDG,938
SUDAN DEL SUD,Sterlina sud-sudanese,SSP,728
SURINAME,Dollaro del Suriname,SRD,968
SVALBARD E JAN MAYEN,Corona norvegese,NOK,578
SVEZIA,Corona svedese,SEK,752
SVIZZERA,WIR Euro,CHE,947
SVIZZERA,Franco Svizzero,CHF,756
SVIZZERA,WIR Franc,CHW,948
SWAZILAND,Lilangeni,SZL,748
TAGIKISTAN,Somoni,TJS,972
TAILANDIA,Baht,THB,764
TAIWAN (PROVINCIA CINESE),Nuovo dollaro di Taiwan,TWD,901
TANZANIA,Scellino tanzaniano,TZS,834
TERRITORI DEL SUD FRANCESE (THE),Euro,EUR,978
TERRITORIO DELL'OCEANO INDIANO BRITANNICO (THE),Dollaro Americano,USD,840
TIMOR EST,Dollaro Americano,USD,840
TOGO,CFA Franco BCEAO,XOF,952
TOKELAU,Dollaro neozelandese,NZD,554
TONGA,Pa'anga,TOP,776
TRINIDAD E TOBAGO,Dollaro di Trinidad e Tobago,TTD,780
TUNISIA,Dinaro tunisino,TND,788
TURCHIA,Lira turca,TRY,949
TURKMENISTAN,Manat turkmeno,TMT,934
TUVALU,Dollaro australiano,AUD,36
UCRAINA,Hryvnia,UAH,980
UGANDA,Scellino dell'Uganda,UGX,800
UNGHERIA,Fiorino,HUF,348
UNIONE EUROPEA,Euro,EUR,978
URUGUAY,Uruguay Peso en Unidades Indexadas (URUIURUI),UYI,940
URUGUAY,Peso Uruguayo,UYU,858
UZBEKISTAN,Sum dell'Uzbekistan,UZS,860
VANUATU,Vatu,VUV,548
VENEZUELA (REPUBBLICA BOLIVARIANA DI),Bolivar,VEF,937
VIET NAM,Dong,VND,704
WALLIS E FUTUNA,Franco CFP,XPF,953
YEMEN,Rial Yemenita,YER,886
ZAMBIA,Kwacha dello Zambia,ZMW,967
ZIMBABWE,Dollaro dello Zimbabwe,ZWL,932
