Isin;Maturity;Coupon;Mkt Price;Th Price
IT0001086567;2026-11-01;7.25;100.236;100.237324408629
IT0001174611;2027-11-01;6.5;103.37;103.36447704946795
IT0005323032;2028-02-01;2.0;98.39;98.35762888454899
IT0005641029;2028-06-15;2.65;98.8;98.83688145975702
IT0001278511;2029-11-01;5.25;104.59;104.59925584050788
IT0005542797;2030-06-15;3.7;99.68;99.84100038597674
IT0001444378;2031-05-01;6.0;108.78;108.72295100200678
IT0005647265;2032-07-15;3.25;95.83;95.8744587569098
IT0005494239;2032-12-01;2.5;91.51;91.35293153330872
IT0005240350;2033-09-01;2.45;89.79;89.49600341590104
IT0005544082;2033-11-01;4.35;100.74;100.76966042377424
IT0005560948;2034-03-01;4.2;99.51;99.68102709011742
IT0005584856;2034-07-01;3.85;97.06;97.18748429222548
IT0003535157;2034-08-01;5.0;104.62;104.762840364407
IT0005607970;2035-02-01;3.85;96.41;96.67104237918372
IT0005358806;2035-03-01;3.35;93.03;93.0920939941698
IT0005508590;2035-04-30;4.0;97.41;97.54146715615991
IT0005631590;2035-08-01;3.65;94.39;94.76906480197087
IT0005648149;2035-10-01;3.6;93.83;94.2240496240964
IT0005676504;2036-02-01;3.45;92.34;92.69411687885709
IT0005402117;2036-03-01;1.45;77.15;77.16302650274584
IT0005706285;2036-07-01;3.8;94.5;94.98554355187228
IT0005177909;2036-09-01;2.25;82.3;82.34894509622366
IT0003934657;2037-02-01;4.0;96.07;96.03904205543003
IT0005433195;2037-03-01;0.95;70.57;70.49721926112667
IT0005596470;2037-10-30;4.05;95.52;95.799177000598
IT0005496770;2038-03-01;3.25;88.07;88.34581967361986
IT0005321325;2038-09-01;2.95;84.86;84.89065698619918
IT0004286966;2039-08-01;5.0;103.19;103.62155198872529
IT0005582421;2039-10-01;4.15;94.63;95.21560691406468
IT0005377152;2040-03-01;3.1;84.11;84.36871326931285
IT0004532559;2040-09-01;5.0;102.86;103.37020028380981
IT0005635583;2040-10-01;3.85;90.75;91.43488092830928
IT0005421703;2041-03-01;1.8;69.38;69.44022142988855
US912810RB61;2043-05-15;2.875;70.19;77.8437583967662
IT0005530032;2043-09-01;4.45;95.14;96.0034118378975
IT0004923998;2044-09-01;4.75;98.65;99.13328011176053
IT0005438004;2045-04-30;1.5;58.91;58.643733631944855
IT0005631608;2046-04-30;4.1;89.63;90.49551945343822
IT0005083057;2046-09-01;3.25;78.83;79.34613875425944
IT0005162828;2047-03-01;2.7;71.44;71.74108664067359
IT0005273013;2048-03-01;3.45;80.27;80.90241640371144
IT0005363111;2049-09-01;3.85;84.8;85.67718864166788
IT0005398406;2050-09-01;2.45;64.95;65.35401037861185
IT0005425233;2051-09-01;1.7;53.65;53.713328400995614
IT0005480980;2052-09-01;2.15;59.09;59.14363568280395
IT0005534141;2053-10-01;4.5;91.93;93.42277547559239
IT0005611741;2054-10-01;4.3;88.6;90.20566123151673
IT0005668238;2055-10-01;4.65;93.23;95.4133653977746
IT0005217390;2067-03-01;2.8;63.95;61.93395712241105
IT0005441883;2072-03-01;2.15;52.86;48.85103475359659
