Code,Description,Maturity Date,Interest Rate,Clean Price,Z-Spread
IT0001086567,ITALIA/7.25 BTP 20261101 - BUONI DEL TESORO POLIENNALI,2026-11-01,"7,25","100,325","0,000317445878144864"
IT0001174611,ITALIA/6.5 BTP 20271101 - BUONI DEL TESORO POLIENNALI,2027-11-01,"6,5","103,32","0,00336248692080041"
IT0005323032,ITALIA/2 BTP 20280201 - BUONI DEL TESORO POLIENNALI,2028-02-01,2,"98,4","0,00197290051314817"
IT0005641029,ITALIA/2.65 BTP 20280615 - BUONI DEL TESORO POLIENNALI,2028-06-15,"2,65","98,65","0,00369448010659176"
IT0001278511,ITALIA/5.25 BTP 20291101 - BUONI DEL TESORO POLIENNALI,2029-11-01,"5,25","104,33","0,0053599009914591"
IT0005542797,ITALIA/3.7 BTP 20300615 - BUONI DEL TESORO POLIENNALI,2030-06-15,"3,7","99,33","0,00641909289429886"
IT0001444378,ITALIA/6 BTP 20310501 - BUONI DEL TESORO POLIENNALI,2031-05-01,6,"108,48","0,0067672875743718"
IT0005647265,ITALIA/3.25 BTP 20320715 - BUONI DEL TESORO POLIENNALI,2032-07-15,"3,25","95,4","0,00797781151644908"
IT0005494239,ITALIA/2.5 BTP 20321201 - BUONI DEL TESORO POLIENNALI,2032-12-01,"2,5","91,25","0,00743354299897482"
IT0005240350,ITALIA/2.45 BTP 20330901 - BUONI DEL TESORO POLIENNALI,2033-09-01,"2,45","89,36","0,0081337334373743"
IT0005544082,ITALIA/4.35 BTP 20331101 - BUONI DEL TESORO POLIENNALI,2033-11-01,"4,35","100,37","0,00855707360171941"
IT0005560948,ITALIA/4.2 BTP 20340301 - BUONI DEL TESORO POLIENNALI,2034-03-01,"4,2","99,19","0,0087540551438764"
IT0005584856,ITALIA/3.85 BTP 20340701 - BUONI DEL TESORO POLIENNALI,2034-07-01,"3,85","96,57","0,00900556680362605"
IT0003535157,ITALIA/5 BTP 20340801 - BUONI DEL TESORO POLIENNALI,2034-08-01,5,"104,31","0,00868736165192137"
IT0005607970,ITALIA/3.85 BTP 20350201 - BUONI DEL TESORO POLIENNALI,2035-02-01,"3,85","95,99","0,00916666325012687"
IT0005358806,ITALIA/3.35 BTP 20350301 - BUONI DEL TESORO POLIENNALI,2035-03-01,"3,35","93,05","0,00828426304342437"
IT0005508590,ITALIA/4 BTP 20350430 - BUONI DEL TESORO POLIENNALI,2035-04-30,4,"97,12","0,00882225232120637"
IT0005631590,ITALIA/3.65 BTP 20350801 - BUONI DEL TESORO POLIENNALI,2035-08-01,"3,65","93,98","0,00940527023361548"
IT0005648149,ITALIA/3.6 BTP 20351001 - BUONI DEL TESORO POLIENNALI,2035-10-01,"3,6","93,48","0,00937282459710354"
IT0005676504,ITALIA/3.45 BTP 20360201 - BUONI DEL TESORO POLIENNALI,2036-02-01,"3,45","91,85","0,00956184391106376"
IT0005402117,ITALIA/1.45 BTP 20360301 - BUONI DEL TESORO POLIENNALI,2036-03-01,"1,45","76,77","0,00912536343173994"
IT0005177909,ITALIA/2.25 BTP 20360901 - BUONI DEL TESORO POLIENNALI,2036-09-01,"2,25","81,98","0,0091099140588388"
IT0003934657,ITALIA/4 BTP 20370201 - BUONI DEL TESORO POLIENNALI,2037-02-01,4,"95,64","0,00910378829639508"
IT0005433195,ITALIA/0.95 BTP 20370301 - BUONI DEL TESORO POLIENNALI,2037-03-01,"0,95","70,28","0,00913507876438274"
IT0005596470,ITALIA/4.05 BTP 20371030 - BUONI DEL TESORO POLIENNALI,2037-10-30,"4,05","95,09","0,00964138443079781"
IT0005496770,ITALIA/3.25 BTP 20380301 - BUONI DEL TESORO POLIENNALI,2038-03-01,"3,25","87,65","0,00977561249462581"
IT0005321325,ITALIA/2.95 BTP 20380901 - BUONI DEL TESORO POLIENNALI,2038-09-01,"2,95","84,46","0,00959188989107824"
IT0004286966,ITALIA/5 BTP 20390801 - BUONI DEL TESORO POLIENNALI,2039-08-01,5,"103,31","0,00936867285892237"
IT0005582421,ITALIA/4.15 BTP 20391001 - BUONI DEL TESORO POLIENNALI,2039-10-01,"4,15","94,29","0,0100990731925609"
IT0005377152,ITALIA/3.1 BTP 20400301 - BUONI DEL TESORO POLIENNALI,2040-03-01,"3,1","83,88","0,00976911463655498"
IT0004532559,ITALIA/5 BTP 20400901 - BUONI DEL TESORO POLIENNALI,2040-09-01,5,"102,63","0,00985749774279124"
IT0005635583,ITALIA/3.85 BTP 20401001 - BUONI DEL TESORO POLIENNALI,2040-10-01,"3,85","90,44","0,0102486727768027"
IT0005421703,ITALIA/1.8 BTP 20410301 - BUONI DEL TESORO POLIENNALI,2041-03-01,"1,8","69,1","0,00980821294966907"
IT0005530032,ITALIA/4.45 BTP 20430901 - BUONI DEL TESORO POLIENNALI,2043-09-01,"4,45","95,5","0,0101353343501374"
IT0004923998,ITALIA/4.75 BTP 20440901 - BUONI DEL TESORO POLIENNALI,2044-09-01,"4,75","98,25","0,0105603327389324"
IT0005438004,ITALIA/1.5 BTP 20450430 - BUONI DEL TESORO POLIENNALI,2045-04-30,"1,5","58,6","0,0102194100277177"
IT0005631608,ITALIA/4.1 BTP 20460430 - BUONI DEL TESORO POLIENNALI,2046-04-30,"4,1","89,69","0,0105894763369828"
IT0005083057,ITALIA/3.25 BTP 20460901 - BUONI DEL TESORO POLIENNALI,2046-09-01,"3,25","78,61","0,0106751218868852"
IT0005162828,ITALIA/2.7 BTP 20470301 - BUONI DEL TESORO POLIENNALI,2047-03-01,"2,7","71,3","0,0105423549390215"
IT0005273013,ITALIA/3.45 BTP 20480301 - BUONI DEL TESORO POLIENNALI,2048-03-01,"3,45","80,1","0,0108259020358498"
IT0005363111,ITALIA/3.85 BTP 20490901 - BUONI DEL TESORO POLIENNALI,2049-09-01,"3,85","84,52","0,0110586342366428"
IT0005398406,ITALIA/2.45 BTP 20500901 - BUONI DEL TESORO POLIENNALI,2050-09-01,"2,45","64,74","0,0108658973570683"
IT0005425233,ITALIA/1.7 BTP 20510901 - BUONI DEL TESORO POLIENNALI,2051-09-01,"1,7","53,88","0,0102325496178102"
IT0005480980,ITALIA/2.15 BTP 20520901 - BUONI DEL TESORO POLIENNALI,2052-09-01,"2,15","59,08","0,0107632497052974"
IT0005534141,ITALIA/4.5 BTP 20531001 - BUONI DEL TESORO POLIENNALI,2053-10-01,"4,5",92,"0,0117673785253566"
IT0005611741,ITALIA/4.3 BTP 20541001 - BUONI DEL TESORO POLIENNALI,2054-10-01,"4,3","88,63","0,0119830846284982"
IT0005668238,ITALIA/4.65 BTP 20551001 - BUONI DEL TESORO POLIENNALI,2055-10-01,"4,65","93,34","0,0123382306771879"
IT0005217390,ITALIA/2.8 BTP 20670301 - BUONI DEL TESORO POLIENNALI,2067-03-01,"2,8","64,14","0,00964945178023816"
IT0005441883,ITALIA/2.15 BTP 20720301 - BUONI DEL TESORO POLIENNALI,2072-03-01,"2,15","53,1","0,00771530446931682"
